position,amino_acid,hits_freq,screen_freq,hits_count,screen_count,enrichment,log2_enrichment
1,A,0.0001,0.0001,0,1,1.0,0.0
1,C,0.0001,0.0001,0,1,1.0,0.0
1,D,0.0001,0.0001,0,1,1.0,0.0
1,E,0.0001,0.0001,0,1,1.0,0.0
1,F,0.0001,0.0001,0,1,1.0,0.0
1,G,0.0001,0.0001,0,1,1.0,0.0
1,H,0.0001,0.0001,0,1,1.0,0.0
1,I,0.0001,0.0001,0,1,1.0,0.0
1,K,0.0001,0.0001,0,1,1.0,0.0
1,L,0.0001,0.0001,0,1,1.0,0.0
1,M,1.0,1.0,53,16514,1.0,0.0
1,N,0.0001,0.0001,0,1,1.0,0.0
1,P,0.0001,0.0001,0,1,1.0,0.0
1,Q,0.0001,0.0001,0,1,1.0,0.0
1,R,0.0001,0.0001,0,1,1.0,0.0
1,S,0.0001,0.0001,0,1,1.0,0.0
1,T,0.0001,0.0001,0,1,1.0,0.0
1,V,0.0001,0.0001,0,1,1.0,0.0
1,W,0.0001,0.0001,0,1,1.0,0.0
1,Y,0.0001,0.0001,0,1,1.0,0.0
2,A,0.05660377358490566,0.20776311008840984,3,3431,0.2724438114197412,-1.8759693745196333
2,C,0.0001,0.012655928303257841,0,209,0.007901435406698566,-6.983669521750268
2,D,0.05660377358490566,0.057648056194743856,3,952,0.9818852069129539,-0.026373727269922254
2,E,0.11320754716981132,0.08513988131282549,6,1406,1.3296653157626344,0.41106315696548573
2,F,0.0001,0.020346372774615477,0,336,0.004914880952380953,-7.668627812448145
2,G,0.24528301886792453,0.07557224173428606,13,1248,3.245676100628931,1.6985190345957089
2,H,0.0001,0.013685357878163983,0,226,0.007307079646017699,-7.096489352084573
2,I,0.0001,0.01871139639094102,0,309,0.005344336569579288,-7.54777341757376
2,K,0.018867924528301886,0.04965483831900206,1,820,0.37998159226875283,-1.3959985641885813
2,L,0.03773584905660377,0.06303742279278188,2,1041,0.5986261395972668,-0.7402728179825518
2,M,0.0001,0.018226958943926366,0,301,0.005486378737541529,-7.509930066429087
2,N,0.0001,0.03173065277945985,0,524,0.0031515267175572523,-8.309733391206835
2,P,0.22641509433962265,0.051592588107060675,12,852,4.388519798033484,2.133734415812183
2,Q,0.05660377358490566,0.026946832990190142,3,445,2.100572397710409,1.0707825101842612
2,R,0.0001,0.04880707278672641,0,806,0.0020488833746898265,-8.930946418197353
2,S,0.05660377358490566,0.10009688748940293,3,1653,0.5654898469335342,-0.8224269732542926
2,T,0.11320754716981132,0.046687658956037305,6,771,2.4247852580574114,1.277856986122987
2,V,0.018867924528301886,0.046566549594283635,1,769,0.405181931938072,-1.3033582526449614
2,W,0.0001,0.015380888942715273,0,254,0.006501574803149606,-7.264995076441551
2,Y,0.0001,0.009749303621169917,0,161,0.010257142857142857,-6.607227267784002
3,A,0.03773584905660377,0.10657623834322393,2,1760,0.354073756432247,-1.4978781782077946
3,C,0.0001,0.021254692987767953,0,351,0.004704843304843305,-7.731637609973946
3,D,0.20754716981132076,0.04541601065762384,11,750,4.569911949685535,2.1921663685709194
3,E,0.1509433962264151,0.06636793024100764,8,1096,2.274342377083046,1.1854494523563381
3,F,0.0001,0.028400145331234104,0,469,0.0035211087420042647,-8.149754502184761
3,G,0.0001,0.07199951556255299,0,1189,0.0013888982338099243,-9.491843389415042
3,H,0.0001,0.020951919583383796,0,346,0.004772832369942197,-7.71093861730611
3,I,0.0001,0.02319244277582657,0,383,0.004311749347258486,-7.857510971594342
3,K,0.018867924528301886,0.046505994913406803,1,768,0.40570951257861637,-1.3014809654042911
3,L,0.1320754716981132,0.10233741068184571,7,1690,1.2905883666406162,0.36802892620492234
3,M,0.0001,0.018771951071817852,0,310,0.005327096774193549,-7.552434794943623
3,N,0.03773584905660377,0.025796294053530337,2,426,1.4628399326778279,0.5487719150910266
3,P,0.1509433962264151,0.06969843768923338,8,1151,2.1656639837385043,1.1148094171846343
3,Q,0.0001,0.04178272980501393,0,690,0.0023933333333333333,-8.706762941334917
3,R,0.018867924528301886,0.07345282790359695,1,1213,0.25687131546609837,-1.9608822998036455
3,S,0.09433962264150944,0.09997577812764927,5,1651,0.9436247900071998,-0.08371477470903058
3,T,0.09433962264150944,0.05686084534334504,5,939,1.6591315530371533,0.730428282550453
3,V,0.03773584905660377,0.051653142787937506,2,853,0.7305624986175319,-0.45292039600142525
3,W,0.018867924528301886,0.015138670219207945,1,250,1.2463396226415093,0.3176972506547779
3,Y,0.0001,0.013867021920794477,0,229,0.007211353711790393,-7.115514177766329
4,A,0.07547169811320754,0.09404141940171976,4,1553,0.8025367821258914,-0.31736057907043624
4,C,0.0001,0.022647450647935087,0,374,0.004415508021390374,-7.823204849557022
4,D,0.07547169811320754,0.03536393363206976,4,584,2.1341431894546394,1.0936569764368478
4,E,0.018867924528301886,0.06370352428242704,1,1052,0.2961833703995982,-1.7554374539754376
4,F,0.018867924528301886,0.03366840256751847,1,556,0.5604045065834125,-0.8354595374066426
4,G,0.018867924528301886,0.06685236768802229,1,1104,0.2822327044025157,-1.8250429214613042
4,H,0.05660377358490566,0.01913527915707884,3,316,2.958084547408646,1.5646632878609184
4,I,0.07547169811320754,0.02924791086350975,4,483,2.5804132973944296,1.3676021564810918
4,K,0.07547169811320754,0.0508659319365387,4,840,1.4837376460017968,0.5692360176507423
4,L,0.09433962264150944,0.11366113600581325,5,1877,0.8300077401714901,-0.2688033046266467
4,M,0.0001,0.01974082596584716,0,326,0.0050656441717791415,-7.625038543900462
4,N,0.0001,0.029732348310524404,0,491,0.0033633401221995927,-8.215889603984078
4,P,0.018867924528301886,0.07339227322272011,1,1212,0.2570832554953609,-1.9596924481560858
4,Q,0.03773584905660377,0.04190383916676759,2,692,0.900534409423056,-0.15114669231985958
4,R,0.1320754716981132,0.07066731258326268,7,1167,1.8689754409791273,0.9022476116671211
4,S,0.07547169811320754,0.09095313067700134,4,1502,0.8297866994950128,-0.2691875621974069
4,T,0.05660377358490566,0.05244035363933632,3,866,1.0793934376225545,0.11022082131129646
4,V,0.07547169811320754,0.05770861087562069,4,953,1.3078065295293908,0.38714913140692314
4,W,0.018867924528301886,0.01701586532638973,1,281,1.1088430806419123,0.14905521509593891
4,Y,0.07547169811320754,0.01725808404989706,4,285,4.373121482952664,2.128663426264761
5,A,0.09433962264150944,0.08302046748213637,5,1371,1.1363417420145054,0.18439677442500166
5,C,0.05660377358490566,0.02276856000968875,3,376,2.4860497792051386,1.3138551843603838
5,D,0.07547169811320754,0.03748334746275887,4,619,2.013472734477398,1.0096859361026005
5,E,0.05660377358490566,0.05873804045052682,3,970,0.9636646566815795,-0.053396901036468714
5,F,0.018867924528301886,0.03167009809858302,1,523,0.595764637973953,-0.7471856009300761
5,G,0.05660377358490566,0.08302046748213637,3,1371,0.6818050452087032,-0.5525688197412046
5,H,0.018867924528301886,0.01834806830568003,1,303,1.0283330219814435,0.04030755184391421
5,I,0.09433962264150944,0.03185176214121352,5,526,2.9618337039959823,1.566490640911925
5,K,0.1320754716981132,0.052985345767227805,7,875,2.492679245283019,1.3176972506547782
5,L,0.09433962264150944,0.11069395664284849,5,1828,0.852256306510879,-0.23064072485384227
5,M,0.0001,0.02070970085987647,0,342,0.004828654970760234,-7.694162904555283
5,N,0.0001,0.025675184691776674,0,424,0.0038948113207547173,-8.004230844232584
5,P,0.0001,0.059767470025432964,0,987,0.0016731509625126648,-9.223216664125783
5,Q,0.018867924528301886,0.043841588954826205,1,724,0.43036589179610135,-1.2163643517663403
5,R,0.09433962264150944,0.07654111662831536,5,1264,1.232535228086936,0.3016288820271247
5,S,0.09433962264150944,0.08883371684631222,5,1467,1.061979910226235,0.0867564745308375
5,T,0.05660377358490566,0.05001816640426305,3,826,1.131664306272557,0.17844606461857598
5,V,0.018867924528301886,0.06503572726171733,1,1074,0.29011629949755807,-1.7852967426685475
5,W,0.018867924528301886,0.01913527915707884,1,316,0.9860281824695486,-0.020299212860237895
5,Y,0.0001,0.019861935327600822,0,328,0.005034756097560976,-7.633862394287469
