position,amino_acid,observed_freq,expected_freq,enrichment_ratio,log2_enrichment
1,A,0.0,0.05,0.0,0.0
1,C,0.0,0.05,0.0,0.0
1,D,0.0,0.05,0.0,0.0
1,E,0.0,0.05,0.0,0.0
1,F,0.0,0.05,0.0,0.0
1,G,0.0,0.05,0.0,0.0
1,H,0.0,0.05,0.0,0.0
1,I,0.0,0.05,0.0,0.0
1,K,0.0,0.05,0.0,0.0
1,L,0.0,0.05,0.0,0.0
1,M,1.0,0.05,20.0,4.321928094887363
1,N,0.0,0.05,0.0,0.0
1,P,0.0,0.05,0.0,0.0
1,Q,0.0,0.05,0.0,0.0
1,R,0.0,0.05,0.0,0.0
1,S,0.0,0.05,0.0,0.0
1,T,0.0,0.05,0.0,0.0
1,V,0.0,0.05,0.0,0.0
1,W,0.0,0.05,0.0,0.0
1,Y,0.0,0.05,0.0,0.0
2,A,0.20776311008840984,0.05,4.155262201768196,2.0549395155649526
2,C,0.012655928303257841,0.05,0.2531185660651568,-1.9821147629118192
2,D,0.057648056194743856,0.05,1.1529611238948771,0.20534386831524173
2,E,0.08513988131282549,0.05,1.7027976262565097,0.7679069840798334
2,F,0.020346372774615477,0.05,0.4069274554923095,-1.2971564722139417
2,G,0.07557224173428606,0.05,1.5114448346857212,0.5959283238695465
2,H,0.013685357878163983,0.05,0.2737071575632796,-1.8692949325775143
2,I,0.01871139639094102,0.05,0.3742279278188204,-1.4180108670883271
2,K,0.04965483831900206,0.05,0.9930967663800412,-0.009993795487255817
2,L,0.06303742279278188,0.05,1.2607484558556374,0.334280458306715
2,M,0.018226958943926366,0.05,0.36453917887852727,-1.4558542182329999
2,N,0.03173065277945985,0.05,0.6346130555891969,-0.6560508934552519
2,P,0.051592588107060675,0.05,1.0318517621412133,0.045235725233136105
2,Q,0.026946832990190142,0.05,0.5389366598038028,-0.8918123691389419
2,R,0.04880707278672641,0.05,0.9761414557345283,-0.034837866464734524
2,S,0.10009688748940293,0.05,2.0019377497880586,1.0013971142996119
2,T,0.046687658956037305,0.05,0.9337531791207461,-0.09888684507766753
2,V,0.046566549594283635,0.05,0.9313309918856727,-0.10263410703087544
2,W,0.015380888942715273,0.05,0.3076177788543054,-1.700789208220536
2,Y,0.009749303621169917,0.05,0.19498607242339833,-2.358557016878085
3,A,0.10657623834322393,0.05,2.1315247668644783,1.0918858185319575
3,C,0.021254692987767953,0.05,0.425093859755359,-1.2341466746881413
3,D,0.04541601065762384,0.05,0.9083202131524767,-0.13872710960945864
3,E,0.06636793024100764,0.05,1.3273586048201527,0.4085581879678249
3,F,0.028400145331234104,0.05,0.568002906624682,-0.8160297824773255
3,G,0.07199951556255299,0.05,1.4399903112510597,0.5260591047529539
3,H,0.020951919583383796,0.05,0.41903839166767587,-1.2548456673559774
3,I,0.02319244277582657,0.05,0.4638488555165314,-1.108273313067745
3,K,0.046505994913406803,0.05,0.930119898268136,-0.10451139427154586
3,L,0.10233741068184571,0.05,2.046748213636914,1.0333336361768446
3,M,0.018771951071817852,0.05,0.37543902143635705,-1.4133494897184642
3,N,0.025796294053530337,0.05,0.5159258810706067,-0.9547642747668639
3,P,0.06969843768923338,0.05,1.3939687537846674,0.4791982231395284
3,Q,0.04178272980501393,0.05,0.8356545961002785,-0.2590213433271706
3,R,0.07345282790359695,0.05,1.4690565580719388,0.5548899401278082
3,S,0.09997577812764927,0.05,1.9995155625529852,0.999650509920556
3,T,0.05686084534334504,0.05,1.1372169068669007,0.1855074526610725
3,V,0.051653142787937506,0.05,1.03306285575875,0.04692803632558812
3,W,0.015138670219207945,0.05,0.3027734043841589,-1.7236896103306147
3,Y,0.013867021920794477,0.05,0.2773404384158895,-1.850270106895758
4,A,0.09404141940171976,0.05,1.880828388034395,0.9113682193945993
4,C,0.022647450647935087,0.05,0.4529490129587017,-1.142579435105065
4,D,0.03536393363206976,0.05,0.7072786726413951,-0.4996493361126848
4,E,0.06370352428242704,0.05,1.2740704856485408,0.34944509429960063
4,F,0.03366840256751847,0.05,0.6733680513503694,-0.5705328222691944
4,G,0.06685236768802229,0.05,1.3370473537604457,0.4190505617854672
4,H,0.01913527915707884,0.05,0.3827055831415768,-1.385693146815599
4,I,0.02924791086350975,0.05,0.5849582172701949,-0.7735945161569289
4,K,0.0508659319365387,0.05,1.0173186387307738,0.0247716226734206
4,L,0.11366113600581325,0.05,2.273222720116265,1.1847390398381723
4,M,0.01974082596584716,0.05,0.39481651931694317,-1.3407457407616243
4,N,0.029732348310524404,0.05,0.5946469662104881,-0.7498946806780088
4,P,0.07339227322272011,0.05,1.4678454644544021,0.5537000884802489
4,Q,0.04190383916676759,0.05,0.8380767833353517,-0.25484566735597736
4,R,0.07066731258326268,0.05,1.4133462516652535,0.499114950714646
4,S,0.09095313067700134,0.05,1.8190626135400267,0.86319520252157
4,T,0.05244035363933632,0.05,1.0488070727867265,0.06874931973402311
4,V,0.05770861087562069,0.05,1.1541722175124136,0.20685850891723992
4,W,0.01701586532638973,0.05,0.34031730652779457,-1.5550475747717758
4,Y,0.01725808404989706,0.05,0.34516168099794114,-1.5346557859405978
5,A,0.08302046748213637,0.05,1.6604093496427275,0.731538960786524
5,C,0.02276856000968875,0.05,0.45537120019377497,-1.1348850433150646
5,D,0.03748334746275887,0.05,0.7496669492551774,-0.41567829577843723
5,E,0.05873804045052682,0.05,1.1747608090105364,0.232367042081788
5,F,0.03167009809858302,0.05,0.6334019619716603,-0.6588067587457607
5,G,0.08302046748213637,0.05,1.6604093496427275,0.731538960786524
5,H,0.01834806830568003,0.05,0.36696136611360053,-1.4462999115197512
5,I,0.03185176214121352,0.05,0.6370352428242704,-0.6505549057003994
5,K,0.052985345767227805,0.05,1.059706915344556,0.08366531172698906
5,L,0.11069395664284849,0.05,2.21387913285697,1.1465764600653678
5,M,0.02070970085987647,0.05,0.41419401719752935,-1.2716213801068041
5,N,0.025675184691776674,0.05,0.5135036938355334,-0.961553440429503
5,P,0.059767470025432964,0.05,1.1953494005086591,0.25743237946369557
5,Q,0.043841588954826205,0.05,0.8768317790965241,-0.1896280079094966
5,R,0.07654111662831536,0.05,1.5308223325663073,0.6143068531844009
5,S,0.08883371684631222,0.05,1.7766743369262443,0.829179260680688
5,T,0.05001816640426305,0.05,1.0003633280852609,0.0005240764267432936
5,V,0.06503572726171733,0.05,1.3007145452343465,0.3793043829927106
5,W,0.01913527915707884,0.05,0.3827055831415768,-1.385693146815599
5,Y,0.019861935327600822,0.05,0.39723870655201643,-1.3319218903746184
6,A,0.09010536514472568,0.05,1.8021073028945136,0.8496849161153294
6,C,0.024645755116870532,0.05,0.49291510233741065,-1.020588910726455
6,D,0.04135884703887611,0.05,0.8271769407775221,-0.2737321267026114
6,E,0.06273464938839772,0.05,1.2546929877679542,0.3273343926938518
6,F,0.03173065277945985,0.05,0.6346130555891969,-0.6560508934552519
6,G,0.07708610875620686,0.05,1.5417221751241372,0.6245428089086562
6,H,0.017621412135158047,0.05,0.3524282427031609,-1.504598552084418
6,I,0.03100399660893787,0.05,0.6200799321787573,-0.6894738949927021
6,K,0.0506842678939082,0.05,1.013685357878164,0.019609917557641823
6,L,0.11650720600702434,0.05,2.3301441201404867,1.22041918877734
6,M,0.019922490008477654,0.05,0.39844980016955306,-1.3275301212574606
6,N,0.024948528521254693,0.05,0.49897057042509385,-1.0029733678094834
6,P,0.06588349279399297,0.05,1.3176698558798594,0.3979889462576374
6,Q,0.03948165193169432,0.05,0.7896330386338863,-0.34074574076162445
6,R,0.07417948407411892,0.05,1.4835896814823784,0.5690921388972308
6,S,0.08713818578176093,0.05,1.7427637156352185,0.801376981747596
6,T,0.048867627467603245,0.05,0.9773525493520648,-0.033049031714921656
6,V,0.05879859513140366,0.05,1.175971902628073,0.23385359042649026
6,W,0.017803076177788542,0.05,0.3560615235557708,-1.4898015501563378
6,Y,0.019498607242339833,0.05,0.38997214484679665,-1.358557016878085
7,A,0.08465544386581082,0.05,1.6931088773162164,0.7596747503827345
7,C,0.02276856000968875,0.05,0.45537120019377497,-1.1348850433150646
7,D,0.04045052682572363,0.05,0.8090105365144725,-0.3057696025186497
7,E,0.06055468087683178,0.05,1.2110936175366356,0.27631038966938515
7,F,0.03415284001453312,0.05,0.6830568002906624,-0.5499225425939085
7,G,0.07018287513624803,0.05,1.4036575027249605,0.4891909560137697
7,H,0.018287513624803197,0.05,0.3657502724960639,-1.4510691556676232
7,I,0.029732348310524404,0.05,0.5946469662104881,-0.7498946806780088
7,K,0.047111541722175125,0.05,0.9422308344435024,-0.08584755000651004
7,L,0.13176698558798594,0.05,2.635339711759719,1.3979889462576374
7,M,0.0207702555407533,0.05,0.415405110815066,-1.2674091288198897
7,N,0.027370715756327966,0.05,0.5474143151265592,-0.8692949325775142
7,P,0.06733680513503694,0.05,1.3467361027007387,0.4294671777308055
7,Q,0.04014775342133947,0.05,0.8029550684267894,-0.31660883488011404
7,R,0.07103064066852367,0.05,1.4206128133704734,0.5065134030358065
7,S,0.08562431875984014,0.05,1.7124863751968027,0.776092509816697
7,T,0.049473174276371566,0.05,0.9894634855274312,-0.01528162684701848
7,V,0.061705219813491585,0.05,1.2341043962698317,0.303464441173112
7,W,0.017924185539542208,0.05,0.3584837107908441,-1.480020529363752
7,Y,0.018953615114448347,0.05,0.37907230228896693,-1.3994550480600836
8,A,0.08695652173913043,0.05,1.7391304347826086,0.7983661388303495
8,C,0.024403536393363207,0.05,0.48807072786726413,-1.0348378664647346
8,D,0.036635581930483226,0.05,0.7327116386096645,-0.4486825628307451
8,E,0.05782972023737435,0.05,1.156594404747487,0.20988302793040917
8,F,0.03651447256872956,0.05,0.7302894513745912,-0.45345970309261713
8,G,0.06903233619958823,0.05,1.3806467239917646,0.4653442140594022
8,H,0.020285818093738646,0.05,0.4057163618747729,-1.3014566096475673
8,I,0.033486738524887975,0.05,0.6697347704977594,-0.5783382247579949
8,K,0.04329659682693472,0.05,0.8659319365386944,-0.20767446332695022
8,L,0.1377618989947923,0.05,2.755237979895846,1.462176934980719
8,M,0.020951919583383796,0.05,0.41903839166767587,-1.2548456673559774
8,N,0.027370715756327966,0.05,0.5474143151265592,-0.8692949325775142
8,P,0.06697347704977595,0.05,1.3394695409955188,0.42166177524200504
8,Q,0.04275160469904324,0.05,0.8550320939808648,-0.2259495217215215
8,R,0.0676395785394211,0.05,1.352791570788422,0.43593957549061296
8,S,0.07835775705462032,0.05,1.5671551410924063,0.6481480069998055
8,T,0.0482015259779581,0.05,0.964030519559162,-0.05284927444905296
8,V,0.0632796415162892,0.05,1.265592830325784,0.339813331975543
8,W,0.018590287029187358,0.05,0.37180574058374716,-1.4273790496225223
8,Y,0.019680271284970328,0.05,0.39360542569940654,-1.3451779870768852
9,A,0.08895482620806588,0.05,1.7790965241613177,0.8311447855635781
9,C,0.027370715756327966,0.05,0.5474143151265592,-0.8692949325775142
9,D,0.03966331597432481,0.05,0.7932663194864962,-0.33412279856788946
9,E,0.05577086108756207,0.05,1.1154172217512413,0.15758345109863353
9,F,0.037967784909773525,0.05,0.7593556981954704,-0.3971522621906631
9,G,0.07242339832869081,0.05,1.448467966573816,0.5345277792054031
9,H,0.017924185539542208,0.05,0.3584837107908441,-1.480020529363752
9,I,0.03245730894998183,0.05,0.6491461789996367,-0.6233847045349294
9,K,0.0455371200193775,0.05,0.9107424003875499,-0.1348850433150645
9,L,0.14393847644422914,0.05,2.8787695288845825,1.5254522929497327
9,M,0.016531427879375074,0.05,0.3306285575875015,-1.5967167540728495
9,N,0.024342981712486375,0.05,0.4868596342497275,-1.0384222038137734
9,P,0.062068547898752574,0.05,1.2413709579750514,0.3119342994001064
9,Q,0.03851277703766501,0.05,0.7702555407533002,-0.3765909397083466
9,R,0.06618626619837713,0.05,1.3237253239675424,0.40460379067920244
9,S,0.08150660046021557,0.05,1.6301320092043114,0.7049887996176152
9,T,0.0506842678939082,0.05,1.013685357878164,0.019609917557641823
9,V,0.0634613055589197,0.05,1.2692261111783938,0.3439491065447481
9,W,0.017560857454281216,0.05,0.3512171490856243,-1.5095648049777675
9,Y,0.017136974688143392,0.05,0.34273949376286783,-1.5448156521608196
10,A,0.08598764684510113,0.05,1.7197529369020226,0.7822013193993426
10,C,0.02924791086350975,0.05,0.5849582172701949,-0.7735945161569289
10,D,0.04184328448589076,0.05,0.8368656897178152,-0.2569319946044434
10,E,0.05637640789633039,0.05,1.1275281579266077,0.17316346256609175
10,F,0.037059464696621046,0.05,0.7411892939324208,-0.43208605230005037
10,G,0.07212062492430665,0.05,1.442412498486133,0.5284838028714122
10,H,0.017621412135158047,0.05,0.3524282427031609,-1.504598552084418
10,I,0.032881191716119654,0.05,0.657623834322393,-0.6046655071883406
10,K,0.04317548746518106,0.05,0.8635097493036211,-0.21171562854881387
10,L,0.1450284607000121,0.05,2.900569214000242,1.5363360456308406
10,M,0.01840862298655686,0.05,0.36817245973113716,-1.4415463815491165
10,N,0.02319244277582657,0.05,0.4638488555165314,-1.108273313067745
10,P,0.06243187598401356,0.05,1.2486375196802713,0.32035472237540646
10,Q,0.038331112995034514,0.05,0.7666222599006902,-0.38341220556436073
10,R,0.06424851641031852,0.05,1.2849703282063702,0.3617350459220628
10,S,0.08411045173791934,0.05,1.6822090347583867,0.7503569889886905
10,T,0.0468693229986678,0.05,0.9373864599733559,-0.09328413884829163
10,V,0.06370352428242704,0.05,1.2740704856485408,0.34944509429960063
10,W,0.019014169795325178,0.05,0.38028339590650356,-1.394853146101075
10,Y,0.01834806830568003,0.05,0.36696136611360053,-1.4462999115197512
11,A,0.08683541237737677,0.05,1.7367082475475353,0.7963554137092027
11,C,0.024887973840377862,0.05,0.4977594768075572,-1.006479311311019
11,D,0.038028339590650356,0.05,0.7605667918130071,-0.3948531461010749
11,E,0.06025190747244762,0.05,1.2050381494489524,0.2690788204383093
11,F,0.03596948044083808,0.05,0.7193896088167615,-0.47515477419193614
11,G,0.07654111662831536,0.05,1.5308223325663073,0.6143068531844009
11,H,0.017560857454281216,0.05,0.3512171490856243,-1.5095648049777675
11,I,0.03269952767348916,0.05,0.6539905534697832,-0.612658297941871
11,K,0.041116628315368775,0.05,0.8223325663073755,-0.2822061307479702
11,L,0.14527067942351943,0.05,2.905413588470388,1.5387435473007325
11,M,0.017439748092527553,0.05,0.34879496185055103,-1.5195488935503896
11,N,0.02313188809494974,0.05,0.46263776189899475,-1.1120450669569533
11,P,0.0634613055589197,0.05,1.2692261111783938,0.3439491065447481
11,Q,0.04359937023131888,0.05,0.8719874046263776,-0.19762079866302723
11,R,0.06309797747365871,0.05,1.2619595494731741,0.33566566728580616
11,S,0.07962940535303378,0.05,1.5925881070606756,0.6713731891869626
11,T,0.04493157321060918,0.05,0.8986314642121835,-0.15419851837189869
11,V,0.06703403173065278,0.05,1.3406806346130555,0.4229656117888503
11,W,0.018590287029187358,0.05,0.37180574058374716,-1.4273790496225223
11,Y,0.019922490008477654,0.05,0.39844980016955306,-1.3275301212574606
12,A,0.08641152961123895,0.05,1.728230592224779,0.7892957244830615
12,C,0.025372411287392517,0.05,0.5074482257478503,-0.9786674612933502
12,D,0.04014775342133947,0.05,0.8029550684267894,-0.31660883488011404
12,E,0.06515683662347099,0.05,1.3031367324694199,0.38198846756392224
12,F,0.03463727746154778,0.05,0.6927455492309555,-0.5296025582143125
12,G,0.07853942109725082,0.05,1.5707884219450163,0.6514888692589975
12,H,0.01846917766743369,0.05,0.3693835533486738,-1.4368084625424535
12,I,0.034818941504178275,0.05,0.6963788300835655,-0.5220557491609642
12,K,0.03960276129344798,0.05,0.7920552258689596,-0.33632706949461944
12,L,0.14527067942351943,0.05,2.905413588470388,1.5387435473007325
12,M,0.01846917766743369,0.05,0.3693835533486738,-1.4368084625424535
12,N,0.024706309797747367,0.05,0.49412619595494733,-1.0170485530212063
12,P,0.06473295385733317,0.05,1.2946590771466633,0.37257224272778855
12,Q,0.038391667675911345,0.05,0.7678333535182269,-0.38113486485329473
12,R,0.058374712365265834,0.05,1.1674942473053167,0.22341544123725976
12,S,0.07853942109725082,0.05,1.5707884219450163,0.6514888692589975
12,T,0.04765653385006661,0.05,0.9531306770013321,-0.06925406948521558
12,V,0.06527794598522466,0.05,1.305558919704493,0.38466756775980343
12,W,0.01707642000726656,0.05,0.3415284001453312,-1.5499225425939085
12,Y,0.01834806830568003,0.05,0.36696136611360053,-1.4462999115197512
13,A,0.08695652173913043,0.05,1.7391304347826086,0.7983661388303495
13,C,0.026341286181421824,0.05,0.5268257236284365,-0.9246023042566112
13,D,0.039784425336078476,0.05,0.7956885067215694,-0.32972433467037254
13,E,0.06043357151507812,0.05,1.2086714303015622,0.27342211034455854
13,F,0.03881555044204917,0.05,0.7763110088409834,-0.36529334837396094
13,G,0.07484558556376408,0.05,1.4969117112752817,0.5819891329116728
13,H,0.01804529490129587,0.05,0.3609058980259174,-1.4703053745305403
13,I,0.03185176214121352,0.05,0.6370352428242704,-0.6505549057003994
13,K,0.04226716725202858,0.05,0.8453433450405715,-0.24239066878304985
13,L,0.1461789996366719,0.05,2.9235799927334383,1.5477360657623196
13,M,0.01913527915707884,0.05,0.3827055831415768,-1.385693146815599
13,N,0.025614630010899843,0.05,0.5122926002179968,-0.9649600418727522
13,P,0.06103911832384643,0.05,1.2207823664769286,0.28780602850721454
13,Q,0.03917887852731016,0.05,0.7835775705462031,-0.3518519930001945
13,R,0.05946469662104881,0.05,1.1892939324209761,0.2501053193219912
13,S,0.08217270194986072,0.05,1.6434540389972143,0.7167311104261521
13,T,0.04317548746518106,0.05,0.8635097493036211,-0.21171562854881387
13,V,0.06854789875257357,0.05,1.3709579750514713,0.45518434783918027
13,W,0.01865084171006419,0.05,0.3730168342012838,-1.4226873542978005
13,Y,0.017500302773404385,0.05,0.35000605546808766,-1.514548212492023
14,A,0.0895603730168342,0.05,1.7912074603366839,0.8409324421063658
14,C,0.02797626256509628,0.05,0.5595252513019255,-0.8377248535766446
14,D,0.03790723022889669,0.05,0.7581446045779339,-0.39945504806008353
14,E,0.06091800896209277,0.05,1.2183601792418552,0.284940694812825
14,F,0.03439505873804045,0.05,0.6879011747608089,-0.53972677548802
14,G,0.07290783577570546,0.05,1.458156715514109,0.544145781767
14,H,0.019559161923216665,0.05,0.3911832384643333,-1.354083540298777
14,I,0.03578781639820758,0.05,0.7157563279641516,-0.48245957481516955
14,K,0.041116628315368775,0.05,0.8223325663073755,-0.2822061307479702
14,L,0.14224294537967785,0.05,2.844858907593557,1.508357103019495
14,M,0.017863630858665373,0.05,0.35727261717330744,-1.4849027507434984
14,N,0.02549352064914618,0.05,0.5098704129829236,-0.9717974719263058
14,P,0.05970691534455613,0.05,1.1941383068911227,0.2559699413852096
14,Q,0.04147995640062977,0.05,0.8295991280125954,-0.26951371714481276
14,R,0.05916192321666465,0.05,1.183238464333293,0.24274085697568334
14,S,0.08392878769528885,0.05,1.6785757539057768,0.7472376471445118
14,T,0.047474869807436114,0.05,0.9494973961487222,-0.07476405087749381
14,V,0.06624682087925397,0.05,1.3249364175850793,0.4059231277998547
14,W,0.01798474022041904,0.05,0.35969480440838075,-1.4751547741919362
14,Y,0.018287513624803197,0.05,0.3657502724960639,-1.4510691556676232
15,A,0.08380767833353518,0.05,1.6761535666707035,0.7451543326440226
15,C,0.026280731500544992,0.05,0.5256146300108998,-0.9279226625482226
15,D,0.04317548746518106,0.05,0.8635097493036211,-0.21171562854881387
15,E,0.06025190747244762,0.05,1.2050381494489524,0.2690788204383093
15,F,0.03960276129344798,0.05,0.7920552258689596,-0.33632706949461944
15,G,0.07847886641637399,0.05,1.5695773283274796,0.6503761078919228
15,H,0.01998304468935449,0.05,0.39966089378708974,-1.3231516807468862
15,I,0.032093980864720845,0.05,0.6418796172944169,-0.6396253455421402
15,K,0.04087440959186145,0.05,0.817488191837229,-0.2907302030545087
15,L,0.1383068911226838,0.05,2.766137822453676,1.467873040370141
15,M,0.01840862298655686,0.05,0.36817245973113716,-1.4415463815491165
15,N,0.023071333414072907,0.05,0.4614266682814581,-1.11582670749938
15,P,0.06243187598401356,0.05,1.2486375196802713,0.32035472237540646
15,Q,0.040268862783093134,0.05,0.8053772556618627,-0.3122633646041499
15,R,0.06285575875015138,0.05,1.2571151750030276,0.3301168333651788
15,S,0.08005328811917162,0.05,1.6010657623834323,0.6790325665149899
15,T,0.047111541722175125,0.05,0.9422308344435024,-0.08584755000651004
15,V,0.06545961002785515,0.05,1.3091922005571028,0.3886769127419481
15,W,0.017924185539542208,0.05,0.3584837107908441,-1.480020529363752
15,Y,0.019559161923216665,0.05,0.3911832384643333,-1.354083540298777
16,A,0.08738040450526825,0.05,1.747608090105365,0.8053816894984961
16,C,0.02682572362843648,0.05,0.5365144725687295,-0.8983110064376837
16,D,0.04232772193290541,0.05,0.8465544386581082,-0.24032524961726556
16,E,0.06279520406927455,0.05,1.255904081385491,0.3287262838205236
16,F,0.04051108150660046,0.05,0.8102216301320092,-0.30361149435124096
16,G,0.07575390577691656,0.05,1.515078115538331,0.5993921791731178
16,H,0.020528036817245972,0.05,0.4105607363449194,-1.2843324318563583
16,I,0.03469783214242461,0.05,0.6939566428484922,-0.5270825662357969
16,K,0.04196439384764442,0.05,0.8392878769528884,-0.2527623528554882
16,L,0.13370473537604458,0.05,2.6740947075208914,1.4190505617854672
16,M,0.017560857454281216,0.05,0.3512171490856243,-1.5095648049777675
16,N,0.026946832990190142,0.05,0.5389366598038028,-0.8918123691389419
16,P,0.05904081385491099,0.05,1.1808162770982196,0.239784513644271
16,Q,0.0428727140607969,0.05,0.857454281215938,-0.22186834490970436
16,R,0.058435267046142665,0.05,1.1687053409228532,0.2249112371627407
16,S,0.08550320939808648,0.05,1.7100641879617295,0.7740504782784785
16,T,0.04365992491219571,0.05,0.8731984982439142,-0.19561844575187953
16,V,0.06285575875015138,0.05,1.2571151750030276,0.3301168333651788
16,W,0.016713091922005572,0.05,0.3342618384401114,-1.5809494382145328
16,Y,0.019922490008477654,0.05,0.39844980016955306,-1.3275301212574606
17,A,0.08713818578176093,0.05,1.7427637156352185,0.801376981747596
17,C,0.02664405958580598,0.05,0.5328811917161196,-0.9081141814680425
17,D,0.04190383916676759,0.05,0.8380767833353517,-0.25484566735597736
17,E,0.06654959428363813,0.05,1.3309918856727625,0.41250177595652926
17,F,0.03863388639941868,0.05,0.7726777279883735,-0.37206128122783244
17,G,0.07841831173549715,0.05,1.568366234709943,0.6492624875812143
17,H,0.021920794477413102,0.05,0.43841588954826205,-1.1896280079094965
17,I,0.03403173065277946,0.05,0.6806346130555891,-0.5550475747717759
17,K,0.04372047959307254,0.05,0.8744095918614508,-0.19361886810553097
17,L,0.12528763473416496,0.05,2.505752694683299,1.3252440348673078
17,M,0.018166404263049534,0.05,0.36332808526099064,-1.460655204496821
17,N,0.024887973840377862,0.05,0.4977594768075572,-1.006479311311019
17,P,0.060373016834201286,0.05,1.2074603366840257,0.27197579940549416
17,Q,0.044326026401840864,0.05,0.8865205280368172,-0.17377405670865942
17,R,0.058435267046142665,0.05,1.1687053409228532,0.2249112371627407
17,S,0.07775221024585201,0.05,1.55504420491704,0.6369555921296013
17,T,0.04862540874409592,0.05,0.9725081748819183,-0.040217717475387466
17,V,0.06455128981470268,0.05,1.2910257962940535,0.3685178277664739
17,W,0.01574421702797626,0.05,0.3148843405595252,-1.6671060819642476
17,Y,0.022889669371442413,0.05,0.45779338742884823,-1.1272314707716293
18,A,0.0893787089742037,0.05,1.787574179484074,0.8380031110676941
18,C,0.02615962213879133,0.05,0.5231924427758265,-0.9345863928292334
18,D,0.042630495337289576,0.05,0.8526099067457915,-0.2300422763554045
18,E,0.06237132130313673,0.05,1.2474264260627346,0.31895472707787875
18,F,0.03724112873925155,0.05,0.7448225747850309,-0.42503129476609963
18,G,0.07690444471357635,0.05,1.538088894271527,0.6211388866668262
18,H,0.021678575753905777,0.05,0.43357151507811553,-1.2056581177284456
18,I,0.032154535545597676,0.05,0.6430907109119535,-0.6369058441885483
18,K,0.04311493278430423,0.05,0.8622986556860845,-0.2137404640263041
18,L,0.12849703282063704,0.05,2.5699406564127405,1.3617350459220627
18,M,0.016894755964636066,0.05,0.3378951192927213,-1.5653525831635144
18,N,0.026765168947559648,0.05,0.535303378951193,-0.9015713356012702
18,P,0.06055468087683178,0.05,1.2110936175366356,0.27631038966938515
18,Q,0.048019861935327604,0.05,0.960397238706552,-0.058296839288723416
18,R,0.05958580598280247,0.05,1.1917161196560493,0.25304061034653785
18,S,0.084231561099673,0.05,1.68463122199346,0.7524328095495372
18,T,0.0468693229986678,0.05,0.9373864599733559,-0.09328413884829163
18,V,0.05867748576964999,0.05,1.1735497153929997,0.23087896042237896
18,W,0.018832505752694684,0.05,0.3766501150538937,-1.4087031248620994
18,Y,0.019438052561463002,0.05,0.38876105122926,-1.3630444078703987
19,A,0.0905292479108635,0.05,1.81058495821727,0.8564558740927654
19,C,0.028460700012110936,0.05,0.5692140002422187,-0.8129569484277023
19,D,0.041661620443260265,0.05,0.8332324088652052,-0.26320914029060405
19,E,0.06751846917766743,0.05,1.3503693835533486,0.4333540998149651
19,F,0.035303378951192926,0.05,0.7060675790238585,-0.5021218217922054
19,G,0.07708610875620686,0.05,1.5417221751241372,0.6245428089086562
19,H,0.02040692745549231,0.05,0.40813854910984615,-1.2928691138108435
19,I,0.03500060554680877,0.05,0.7000121109361753,-0.5145482124920231
19,K,0.042993823422550564,0.05,0.8598764684510113,-0.2177986806006574
19,L,0.12298655686084535,0.05,2.459731137216907,1.2985006293034511
19,M,0.016228654474990917,0.05,0.32457308949981833,-1.6233847045349294
19,N,0.026038512777037667,0.05,0.5207702555407533,-0.9412810454032416
19,P,0.0636429696015502,0.05,1.272859392031004,0.3480730589694766
19,Q,0.04493157321060918,0.05,0.8986314642121835,-0.15419851837189869
19,R,0.06176577449436842,0.05,1.2353154898873682,0.3048795418661559
19,S,0.08229381131161438,0.05,1.6458762262322875,0.7188558457746892
19,T,0.04632433087077631,0.05,0.9264866174155262,-0.11015795741268782
19,V,0.060373016834201286,0.05,1.2074603366840257,0.27197579940549416
19,W,0.016713091922005572,0.05,0.3342618384401114,-1.5809494382145328
19,Y,0.01974082596584716,0.05,0.39481651931694317,-1.3407457407616243
20,A,0.08798595131403658,0.05,1.7597190262807316,0.8153450926401394
20,C,0.02585684873440717,0.05,0.5171369746881433,-0.9513816353722117
20,D,0.041601065762383434,0.05,0.8320213152476686,-0.26530760617460175
20,E,0.06782124258205159,0.05,1.3564248516410318,0.4398091219522645
20,F,0.03548504299382342,0.05,0.7097008598764684,-0.4947170405704542
20,G,0.07635945258568487,0.05,1.5271890517136972,0.6108786653355177
20,H,0.02186023979653627,0.05,0.4372047959307254,-1.1936188681055309
20,I,0.031609543417706186,0.05,0.6321908683541236,-0.6615678984228177
20,K,0.04293326874167373,0.05,0.8586653748334746,-0.21983207775318578
20,L,0.12159379920067821,0.05,2.431875984013564,1.28206965895807
20,M,0.017560857454281216,0.05,0.3512171490856243,-1.5095648049777675
20,N,0.027067942351943805,0.05,0.541358847038876,-0.8853428738093843
20,P,0.05916192321666465,0.05,1.183238464333293,0.24274085697568334
20,Q,0.04487101852973235,0.05,0.8974203705946469,-0.1561441626868682
20,R,0.05928303257841831,0.05,1.185660651568366,0.24569115461099297
20,S,0.08610875620685479,0.05,1.7221751241370957,0.7842318546267134
20,T,0.04765653385006661,0.05,0.9531306770013321,-0.06925406948521558
20,V,0.06582293811311614,0.05,1.3164587622623227,0.39666233003460716
20,W,0.017439748092527553,0.05,0.34879496185055103,-1.5195488935503896
20,Y,0.021920794477413102,0.05,0.43841588954826205,-1.1896280079094965
21,A,0.08756206854789875,0.05,1.7512413709579748,0.8083779419584157
21,C,0.025917403415284,0.05,0.5183480683056799,-0.9480069085915552
21,D,0.043902143635703036,0.05,0.8780428727140607,-0.18763671009040525
21,E,0.07199951556255299,0.05,1.4399903112510597,0.5260591047529539
21,F,0.03500060554680877,0.05,0.7000121109361753,-0.5145482124920231
21,G,0.08144604577933874,0.05,1.6289209155867748,0.7039165624512845
21,H,0.020588591498122803,0.05,0.41177182996245604,-1.2800829588550002
21,I,0.03397117597190263,0.05,0.6794235194380525,-0.5576169343839092
21,K,0.044386581082717695,0.05,0.8877316216543538,-0.1718045068588901
21,L,0.11505389366598039,0.05,2.3010778733196076,1.2023098082256083
21,M,0.01804529490129587,0.05,0.3609058980259174,-1.4703053745305403
21,N,0.023676880222841225,0.05,0.47353760445682447,-1.0784490976853498
21,P,0.06358241492067337,0.05,1.2716482984134674,0.34669971756078316
21,Q,0.04444713576359453,0.05,0.8889427152718905,-0.16983764214948913
21,R,0.05855637640789633,0.05,1.1711275281579265,0.22789818448413923
21,S,0.08065883492793993,0.05,1.6131766985587985,0.6899044720785602
21,T,0.048019861935327604,0.05,0.960397238706552,-0.058296839288723416
21,V,0.0663073755601308,0.05,1.326147511202616,0.4072412594958339
21,W,0.01707642000726656,0.05,0.3415284001453312,-1.5499225425939085
21,Y,0.01980138064672399,0.05,0.3960276129344798,-1.3363270694946194
22,A,0.0868959670582536,0.05,1.737919341165072,0.7973611265703482
22,C,0.025130192563885188,0.05,0.5026038512777037,-0.992506368758415
22,D,0.04626377618989948,0.05,0.9252755237979895,-0.11204506695695332
22,E,0.0663073755601308,0.05,1.326147511202616,0.4072412594958339
22,F,0.036151144483468574,0.05,0.7230228896693714,-0.46788677372789683
22,G,0.08090105365144726,0.05,1.618021073028945,0.6942303974813503
22,H,0.020225263412861814,0.05,0.40450526825723626,-1.3057696025186498
22,I,0.03318396512050382,0.05,0.6636793024100763,-0.591441812032175
22,K,0.043962698316579875,0.05,0.8792539663315975,-0.1856481569969511
22,L,0.11069395664284849,0.05,2.21387913285697,1.1465764600653678
22,M,0.017136974688143392,0.05,0.34273949376286783,-1.5448156521608196
22,N,0.02452464575511687,0.05,0.4904929151023374,-1.0276957972207148
22,P,0.0640062976868112,0.05,1.2801259537362237,0.35628576638998105
22,Q,0.04771708853094344,0.05,0.9543417706188687,-0.0674220755363258
22,R,0.06055468087683178,0.05,1.2110936175366356,0.27631038966938515
22,S,0.08362601429090469,0.05,1.6725202858180936,0.7420237092653489
22,T,0.04832263533971176,0.05,0.9664527067942352,-0.04922895877035604
22,V,0.06485406321908684,0.05,1.2970812643817367,0.37526886975755397
22,W,0.017863630858665373,0.05,0.35727261717330744,-1.4849027507434984
22,Y,0.021678575753905777,0.05,0.43357151507811553,-1.2056581177284456
23,A,0.08550320939808648,0.05,1.7100641879617295,0.7740504782784785
23,C,0.025614630010899843,0.05,0.5122926002179968,-0.9649600418727522
23,D,0.043902143635703036,0.05,0.8780428727140607,-0.18763671009040525
23,E,0.06794235194380525,0.05,1.358847038876105,0.44238306561609075
23,F,0.03451616809979412,0.05,0.6903233619958823,-0.5346557859405978
23,G,0.08302046748213637,0.05,1.6604093496427275,0.731538960786524
23,H,0.02070970085987647,0.05,0.41419401719752935,-1.2716213801068041
23,I,0.03397117597190263,0.05,0.6794235194380525,-0.5576169343839092
23,K,0.048867627467603245,0.05,0.9773525493520648,-0.033049031714921656
23,L,0.1095434177061887,0.05,2.190868354123774,1.1315027976285392
23,M,0.016107545113237254,0.05,0.3221509022647451,-1.6341914594915121
23,N,0.02349521618021073,0.05,0.4699043236042146,-1.0895610528055744
23,P,0.06521739130434782,0.05,1.3043478260869563,0.3833286395515054
23,Q,0.04462879980622502,0.05,0.8925759961245003,-0.16395308589763233
23,R,0.06182632917524525,0.05,1.2365265835049049,0.30629325588509954
23,S,0.08580598280247063,0.05,1.7161196560494125,0.7791501479253166
23,T,0.04729320576480562,0.05,0.9458641152961124,-0.0802951568507226
23,V,0.06291631343102821,0.05,1.2583262686205643,0.33150604391150984
23,W,0.01634976383674458,0.05,0.3269952767348916,-1.612658297941871
23,Y,0.02276856000968875,0.05,0.45537120019377497,-1.1348850433150646
24,A,0.08223325663073755,0.05,1.644665132614751,0.7177938692520298
24,C,0.025311856606515682,0.05,0.5062371321303136,-0.9821147629118192
24,D,0.047535424488312945,0.05,0.9507084897662589,-0.0729250512137126
24,E,0.06891122683783456,0.05,1.378224536756691,0.46281094731387973
24,F,0.034879496185055106,0.05,0.6975899237011021,-0.5195488935503896
24,G,0.08065883492793993,0.05,1.6131766985587985,0.6899044720785602
24,H,0.02379798958459489,0.05,0.4759597916918977,-1.0710883927340955
24,I,0.03445561341891728,0.05,0.6891122683783455,-0.5371890526861203
24,K,0.0468693229986678,0.05,0.9373864599733559,-0.09328413884829163
24,L,0.10706067579023859,0.05,2.141213515804772,1.0984286643987298
24,M,0.01701586532638973,0.05,0.34031730652779457,-1.5550475747717758
24,N,0.02749182511808163,0.05,0.5498365023616325,-0.862925407701787
24,P,0.062492430664890394,0.05,1.2498486132978077,0.321753360430552
24,Q,0.04729320576480562,0.05,0.9458641152961124,-0.0802951568507226
24,R,0.05873804045052682,0.05,1.1747608090105364,0.232367042081788
24,S,0.08350490492915102,0.05,1.6700980985830205,0.7399328465212786
24,T,0.05038149448952404,0.05,1.0076298897904807,0.010965823148390196
24,V,0.06188688385612208,0.05,1.2377376771224415,0.3077055859449194
24,W,0.017197529369020224,0.05,0.34395058738040446,-1.53972677548802
24,Y,0.022284122562674095,0.05,0.4456824512534819,-1.1659119389356891
