id,lib_ID,ENST_ID,lits,filter ,Gene_ID,AA_seq,293a-1,293a-2,293a-3,293a-4,SOB-293a,PSI-293a,293b-1,293b-2,293b-3,293b-4,SOB-293b,PSI-293b,UBR3a-1,UBR3a-2,UBR3a-3,UBR3a-4,SOB-UBR3a,PSI-UBR3a,UBR3b-1,UBR3b-2,UBR3b-3,UBR3b-4,SOB-UBR3b,PSI-UBR3b,AA1,AA2,AA3,AA4,AA5,AA6,AA7,AA8,AA9,AA10,AA11,AA12,AA13,AA14,AA15,AA16,AA17,AA18,AA19,AA20,AA21,AA22,AA23,AA24,nt_seq,deltaPSI-293b,deltaPSI-UBR3a,deltaPSI-UBR3b,Rank-293b,Rank-UBR3a,Rank-UBR3b,HITubr3,aa_sequence
UbN24withATG_ENST00000378496.8_UNC13B,UbN24withATG,ENST00000378496.8,ENST00000268802.9,1,UNC13B,MPDLRRKKPLPLVSDLVKSLVQSR,182.6612318,52.09695729,8.16130426,14.58682223,257.5063156,1.435639927,135.086663599999,73.97961897,21.46544551,8,238.5317281,1.590741161,29.2693073999999,7.367026195,82.66693217,80.5829682999999,199.8862341,3.073428405,16.3462969,27.74629452,58.62433532,72.30310895,175.0200357,3.067787785,M,P,D,L,R,R,K,K,P,L,P,L,V,S,D,L,V,K,S,L,V,Q,S,R,ATGCCAGATTTACGCAGAAAGAAGCCACTGCCACTTGTCAGTGATCTGGTGAAGTCACTGGTCCAGTCTCGG,0.155101233999999,1.637788478,1.632147858,2624,1,1,True,MPDLRRKKPLPLVSDLVKSLVQSR
UbN24withATG_ENST00000281828.6_FARSB,UbN24withATG,ENST00000281828.6,ENST00000464839.5,1,FARSB,MPTVSVKRDLLFQALGRTYTDEEF,244.189225699999,178.432078699999,46.63602434,24.68539146,493.942720199999,1.700000805,219.2965318,212.0749077,42.93089102,16,490.3023306,1.705557914,4.50297037,25.78459168,169.2088768,43.47239079,242.9688296,3.035732396,5.448765634,57.9053103,146.0077785,43.38186537,252.7437198,2.899419949,M,P,T,V,S,V,K,R,D,L,L,F,Q,A,L,G,R,T,Y,T,D,E,E,F,ATGCCGACTGTCAGCGTGAAGCGTGATCTGCTCTTCCAAGCCCTGGGCCGCACCTACACTGACGAAGAATTT,0.00555710900000017,1.335731591,1.199419144,8111,2,3,True,MPTVSVKRDLLFQALGRTYTDEEF
UbN24withATG_ENST00000595437.5_FARP1,UbN24withATG,ENST00000595437.5,ENST00000522126.5,1,FARP1,MGEIEQRPTPGSRLGAPENSGIST,1.922749809,61.21392482,37.30881948,8.976505987,109.422000099999,2.487462134,1.754372255,66.58165708,63.20381178,20,151.5398411,2.66945721199999,0.0,3.683513097,33.5834412,65.73873729,103.005691599999,3.602444615,1.81625521099999,3.619081894,39.82030324,88.82953385,134.0851742,3.60840389,M,G,E,I,E,Q,R,P,T,P,G,S,R,L,G,A,P,E,N,S,G,I,S,T,ATGGGAGAAATAGAGCAGAGGCCGACCCCAGGATCACGACTGGGGGCCCCGGAAAATTCGGGGATCAGTACC,0.181995077999999,1.11498248099999,1.12094175599999,2007,5,4,True,MGEIEQRPTPGSRLGAPENSGIST
UbN24withATG_ENST00000373691.4_CXCR3,UbN24withATG,ENST00000373691.4,ENST00000373691.4,1,CXCR3,MELRKYGPGRLAGTVIGGAAQSKS,44.2232456,7.814543594,39.64062069,44.88252994,136.5609398,2.623768664,29.82432833,16.02891744,83.47673254,30,159.3299783,2.713314628,0.0,19.64540319,19.37506223,97.54780373,136.568269099999,3.570428263,0.0,7.238163788,51.98761812,130.145596099999,189.371378,3.649028558,M,E,L,R,K,Y,G,P,G,R,L,A,G,T,V,I,G,G,A,A,Q,S,K,S,ATGGAGTTGAGGAAGTACGGCCCTGGAAGACTGGCGGGGACAGTTATAGGAGGAGCTGCTCAGAGTAAATCA,0.089545964,0.946659599,1.025259894,4651,14,7,True,MELRKYGPGRLAGTVIGGAAQSKS
UbN24withATG_ENST00000391411.9_C17orf51,UbN24withATG,ENST00000391411.9,ENST00000544175.2,1,C17orf51,MGEKSRRKGPAPRHADGKLGRTCD,36.53224636,220.1096446,25.64981339,14.58682223,296.8785266,2.06161177,22.80683931,197.2789839,26.23554451,5,251.3213678,2.053432405,4.50297037,17.18972779,98.16698196,97.54780373,217.4074838,3.328195396,9.081276057,28.95265515,116.142551099999,63.00699494,217.1834773,3.073172176,M,G,E,K,S,R,R,K,G,P,A,P,R,H,A,D,G,K,L,G,R,T,C,D,ATGGGAGAAAAATCACGACGGAAAGGCCCAGCCCCTCGCCATGCAGACGGGAAGCTTGGCCGCACGTGTGAT,-0.00817936499999971,1.266583626,1.011560406,8771,3,8,True,MGEKSRRKGPAPRHADGKLGRTCD
UbN24withATG_ENST00000464489.5_MYLK,UbN24withATG,ENST00000464489.5,ENST00000487078.5,1,MYLK,MGDVKLVASSHISKTSLSVDPSRV,17.30474828,33.86302224,61.79273226,34.7839607,147.7444635,2.77198091,28.06995608,48.08675233,104.942178099999,21,202.0988865,2.588188406,0.0,1.227837699,45.20847853,88.0050838,134.4414,3.645465207,5.448765634,1.206360631,29.86522743,170.4287568,206.9491105,3.7650425,M,G,D,V,K,L,V,A,S,S,H,I,S,K,T,S,L,S,V,D,P,S,R,V,ATGGGGGATGTGAAGCTGGTTGCCTCGTCACACATTTCCAAAACCTCCCTCAGTGTGGATCCCTCAAGAGTT,-0.183792503999999,0.873484297,0.99306159,14650,31,9,True,MGDVKLVASSHISKTSLSVDPSRV
UbN24withATG_ENST00000525115.1_PGBD5,UbN24withATG,ENST00000525115.1,ENST00000510175.5,1,PGBD5,MPDYRTRALFVQSTLGDSAGPELQ,57.68249426,290.4405369,211.028010199999,29.17364446,588.324685799999,2.359823087,12.28060578,258.9286664,159.7983166,38,469.0075888,2.4765758939999998,54.03564444,20.87324088,175.6672309,290.5228068,541.098922899999,3.298611345,36.32510423,32.57173704,240.027939,312.9691716,621.8939518,3.334055711,M,P,D,Y,R,T,R,A,L,F,V,Q,S,T,L,G,D,S,A,G,P,E,L,Q,ATGCCTGACTACAGAACTCGAGCTCTCTTCGTGCAAAGTACTCTCGGGGACTCTGCAGGACCTGAGCTGCAG,0.116752807,0.938788257999999,0.974232624,3721,17,10,True,MPDYRTRALFVQSTLGDSAGPELQ
UbN24withATG_ENST00000569923.5_NDRG4,UbN24withATG,ENST00000569923.5,ENST00000624951.1,1,NDRG4,MQEITKHFVVCHVDAPGQQVGASQ,0.0,227.924188199999,62.95863287,38.15015044,329.0329715,2.423237018,8.77186127399999,182.4830601,51.27856428,37,279.533485699999,2.416789791,6.754455555,45.42999487,121.417056599999,126.1759635,299.7774706,3.224289895,3.632510423,12.06360631,129.4159855,127.0468914,272.1589937,3.395791676,M,Q,E,I,T,K,H,F,V,V,C,H,V,D,A,P,G,Q,Q,V,G,A,S,Q,ATGCAGGAGATCACCAAGCACTTTGTGGTGTGTCACGTGGATGCCCCTGGACAACAGGTGGGGGCGTCGCAG,-0.00644722700000022,0.801052877,0.972554658,8683,55,11,True,MQEITKHFVVCHVDAPGQQVGASQ
UbN24withATG_ENST00000545054.6_PCK2,UbN24withATG,ENST00000545054.6,ENST00000391411.9,1,PCK2,MSPADFQRAVDERFPGCMQGRTMY,11.53649885,154.9884479,74.61763895,19.07507522,260.217660999999,2.389025442,42.10493411,117.1343967,51.27856428,16,226.517895099999,2.181767671,9.005940739,29.46810478,83.95860299,107.090523699999,229.5231722,3.259714681,10.89753127,30.15901578,76.32224787,119.816580499999,237.195375499999,3.286103817,M,S,P,A,D,F,Q,R,A,V,D,E,R,F,P,G,C,M,Q,G,R,T,M,Y,ATGTCCCCAGCTGATTTCCAGCGAGCTGTGGATGAGAGGTTTCCAGGCTGCATGCAGGGCCGCACCATGTAT,-0.207257771,0.870689239,0.897078375,15024,33,14,True,MSPADFQRAVDERFPGCMQGRTMY
UbN24withATG_ENST00000241071.10_FBXO24,UbN24withATG,ENST00000241071.10,ENST00000464489.5,1,FBXO24,MGEKAVPLLRRRRVKRSCPSCGSE,26.91849732,156.2908719,15.15670791,5.610316242,203.9763934,1.997346963,8.77186127399999,138.0952887,31.00564352,5,182.8727935,2.17626341,6.754455555,34.37945558,98.16698196,31.80906643,171.1099595,2.906029431,1.81625521099999,55.49258904,103.9752362,37.18445603,198.4685365,2.889450268,M,G,E,K,A,V,P,L,L,R,R,R,R,V,K,R,S,C,P,S,C,G,S,E,ATGGGCGAGAAGGCGGTCCCTTTGCTAAGGAGGAGGCGGGTGAAGAGAAGCTGCCCTTCTTGTGGCTCGGAG,0.178916446999999,0.908682468,0.892103305,2074,25,15,True,MGEKAVPLLRRRRVKRSCPSCGSE
UbN24withATG_ENST00000572977.5_B3GNTL1,UbN24withATG,ENST00000572977.5,ENST00000241071.10,1,B3GNTL1,MPTWFCSRAWFSHVGPFNEGGQGV,248.0347253,46.88726156,36.14291887,1.122063248,332.186969,1.36888650199999,199.998437,57.95070153,33.39069302,2,293.3398316,1.445667698,29.2693073999999,197.6818696,34.87511201,31.80906643,293.6353554,2.235747965,29.06008338,162.8586852,53.09373765,21.69093268,266.7034389,2.252773342,M,P,T,W,F,C,S,R,A,W,F,S,H,V,G,P,F,N,E,G,G,Q,G,V,ATGCCCACCTGGTTCTGCTCGCGAGCGTGGTTCTCCCACGTGGGCCCCTTTAACGAGGGAGGTCAGGGCGTC,0.0767811960000002,0.866861463,0.88388684,5131,34,16,True,MPTWFCSRAWFSHVGPFNEGGQGV
UbN24withATG_ENST00000268802.9_NOB1,UbN24withATG,ENST00000268802.9,ENST00000530943.6,1,NOB1,MAPVEHVVADAGAFLRHAALQDIG,26.91849732,226.6217642,115.424160299999,8.976505987,377.9409278,2.281680726,21.05246706,218.239875999999,93.01693055,24,356.3092736,2.336686335,22.51485185,14.73405239,169.2088768,57.25631958,263.7141006,2.990491838,3.632510423,32.57173704,206.8443529,80.5663214,323.6149218,3.125858113,M,A,P,V,E,H,V,V,A,D,A,G,A,F,L,R,H,A,A,L,Q,D,I,G,ATGGCTCCAGTGGAGCACGTTGTGGCGGATGCTGGGGCTTTCCTGCGGCATGCGGCTCTGCAGGACATCGGG,0.0550056090000001,0.708811112,0.844177387,5952,117,20,True,MAPVEHVVADAGAFLRHAALQDIG
UbN24withATG_ENST00000258538.7_SLC41A2,UbN24withATG,ENST00000258538.7,ENST00000346878.3,1,SLC41A2,MTNSKGRSITDKTSGGPSSGGGFV,9.613749043,37.77029404,59.46093104,33.66189745,140.5068716,2.833916346,5.26311676399999,49.31974598,71.55148504,23,149.1343478,2.752934317,15.76039629,3.683513097,27.12508712,110.2714303,156.8404268,3.478621017,0.0,9.65088505,22.12239069,89.86243541,121.6357111,3.659440797,M,T,N,S,K,G,R,S,I,T,D,K,T,S,G,G,P,S,S,G,G,G,F,V,ATGACTAATAGTAAAGGAAGATCTATTACCGATAAAACAAGTGGTGGTCCAAGTAGTGGAGGAGGTTTTGTA,-0.0809820290000002,0.644704671,0.825524450999999,11769,202,26,True,MTNSKGRSITDKTSGGPSSGGGFV
UbN24withATG_ENST00000264042.7_FARP2,UbN24withATG,ENST00000264042.7,ENST00000294753.8,1,FARP2,MGEIEGTYRVLQTAGMRLGAQTPV,15.38199847,89.86725133,67.6222353,20.19713847,193.0686236,2.479800975,17.54372255,62.88267613,62.01128703,12,154.437685699999,2.443334567,22.51485185,9.822701593,58.12518668,57.25631958,147.719059699999,3.016273555,0.0,19.3017701,80.74672601,60.94119183,160.9896879,3.258646515,M,G,E,I,E,G,T,Y,R,V,L,Q,T,A,G,M,R,L,G,A,Q,T,P,V,ATGGGGGAGATAGAAGGAACATACAGAGTCCTGCAGACTGCAGGGATGCGCTTGGGTGCCCAGACCCCTGTG,-0.0364664079999998,0.53647258,0.77884554,9997,499,34,True,MGEIEGTYRVLQTAGMRLGAQTPV
UbN24withATG_ENST00000294753.8_ZNF496,UbN24withATG,ENST00000294753.8,ENST00000569923.5,1,ZNF496,MPTALCPRVLAPKESEEPRKMRSP,30.76399694,98.98421886,29.14751522,5.610316242,164.5060473,2.058381749,43.85930637,101.1054793,28.62059401,7,180.585379599999,1.993140572,2.251485185,18.41756549,103.3336652,48.77390186,172.7766178,3.149634634,19.97880732,33.77809768,74.1100088,39.25025914,167.1171729,2.793645066,M,P,T,A,L,C,P,R,V,L,A,P,K,E,S,E,E,P,R,K,M,R,S,P,ATGCCCACAGCCCTGTGCCCCCGAGTCTTGGCTCCGAAGGAAAGTGAGGAGCCCAGGAAAATGAGGAGCCCA,-0.0652411770000001,1.09125288499999,0.735263317,11153,6,42,True,MPTALCPRVLAPKESEEPRKMRSP
UbN24withATG_ENST00000541073.5_KIAA1211,UbN24withATG,ENST00000541073.5,ENST00000338631.10,1,KIAA1211,MGEQKVSRQFKQCHRTTSWAKSKL,24.99574751,132.8472411,51.29962678,15.70888548,224.8515009,2.256710095,21.05246706,107.2704475,59.62623753,6,193.9491521,2.260757884,0.0,30.69594248,100.750323599999,33.92967086,165.3759369,3.019553802,5.448765634,25.33357326,136.052702699999,32.01994825,198.8549899,2.978822979,M,G,E,Q,K,V,S,R,Q,F,K,Q,C,H,R,T,T,S,W,A,K,S,K,L,ATGGGGGAGCAGAAAGTGAGCAGACAGTTCAAGCAATGTCACAGGACAACATCCTGGGCAAAGTCAAAACTC,0.00404778900000035,0.762843707,0.722112884,8182,78,46,True,MGEQKVSRQFKQCHRTTSWAKSKL
UbN24withATG_ENST00000244670.12_KLHDC3,UbN24withATG,ENST00000244670.12,ENST00000354853.2,1,KLHDC3,MTPKGPAMCSMPLTSADCFSNDIH,5.768249426,333.4205267,39.64062069,16.83094873,395.6603455,2.170687484,38.5961896,302.0834441,50.08603952,4,394.7656733,2.04937068,24.76633703,47.88567027,198.9173055,82.70357273,354.2728856,2.958464866,5.448765634,74.79435914,181.4036036,50.61217626,312.258904699999,2.887658243,M,T,P,K,G,P,A,M,C,S,M,P,L,T,S,A,D,C,F,S,N,D,I,H,ATGACACCGAAGGGGCCTGCAATGTGCTCTATGCCTTTGACGTCAGCGGACTGTTTTTCCAATGACATTCAC,-0.121316804,0.787777382,0.716970759,13156,62,47,True,MTPKGPAMCSMPLTSADCFSNDIH
UbN24withATG_ENST00000544175.2_BTNL2,UbN24withATG,ENST00000544175.2,ENST00000472437.5,1,BTNL2,MEVRWDRSHRYPAVHVYMDGDHVA,17.30474828,169.3151112,45.47012374,17.95301197,250.0429952,2.256241529,29.82432833,155.3571998,71.55148504,12,268.733013199999,2.244581624,2.251485185,39.29080637,82.66693217,50.89450629,175.10373,3.040551561,0.0,25.33357326,113.930312,19.62512957,158.8890149,2.964072761,M,E,V,R,W,D,R,S,H,R,Y,P,A,V,H,V,Y,M,D,G,D,H,V,A,ATGGAGGTGAGGTGGGACCGATCCCACCGTTACCCTGCTGTGCATGTGTATATGGATGGGGACCATGTGGCT,-0.0116599049999996,0.784310032,0.707831232,8921,67,53,True,MEVRWDRSHRYPAVHVYMDGDHVA
UbN24withATG_ENST00000510479.5_FAM193B,UbN24withATG,ENST00000510479.5,,1,FAM193B,MPKLVKNLLGEMPLWVCQSCRKSM,0.0,108.1011864,53.631428,7.854442739,169.5870571,2.408877391,0.0,69.04764437,56.04866328,5,130.0963077,2.507690529,6.754455555,23.32891628,109.792019299999,28.62815979,168.5035509,2.95127896399999,1.81625521099999,16.88904884,98.44463856,36.15155447,153.301497099999,3.10195592,M,P,K,L,V,K,N,L,L,G,E,M,P,L,W,V,C,Q,S,C,R,K,S,M,ATGCCAAAGCTCGTCAAGAATCTCCTAGGCGAGATGCCTCTGTGGGTCTGCCAGAGTTGCCGAAAGAGCATG,0.0988131380000001,0.542401572999999,0.693078529,4326,475,57,True,MPKLVKNLLGEMPLWVCQSCRKSM
UbN24withATG_ENST00000328249.3_ERMAP,UbN24withATG,ENST00000328249.3,,1,ERMAP,MPEYKGRTVLVRDAQEGSVTLQIL,126.9014874,98.98421886,54.7973285999999,4.488252994,285.1712878,1.778632508,117.542941099999,135.6293015,51.27856428,15,319.4508068,1.886478995,6.754455555,112.9610683,43.91680772,15.90453322,179.5368648,2.384162989,0.0,106.159735599999,67.4732916,8.263212451,181.8962396,2.46180018199999,M,P,E,Y,K,G,R,T,V,L,V,R,D,A,Q,E,G,S,V,T,L,Q,I,L,ATGCCGGAATATAAGGGGAGGACGGTGCTAGTGAGAGATGCCCAAGAGGGAAGTGTCACTCTGCAGATCCTT,0.107846486999999,0.605530481,0.683167673999999,4032,288,62,True,MPEYKGRTVLVRDAQEGSVTLQIL
UbN24withATG_ENST00000522126.5_FCHSD1,UbN24withATG,ENST00000522126.5,,1,FCHSD1,MDSRTVFGAWRCLLDATVAGGQTR,26.91849732,10.41939146,76.94944017,24.68539146,138.9727204,2.715260704,10.52623353,22.19388569,83.47673254,13,129.1968518,2.765889398,9.005940739,9.822701593,50.37516179,99.66840816,168.8722123,3.425373862,0.0,19.3017701,58.62433532,82.63212451,160.5582299,3.394438544,M,D,S,R,T,V,F,G,A,W,R,C,L,L,D,A,T,V,A,G,G,Q,T,R,ATGGACAGCAGGACAGTGTTCGGTGCCTGGCGCTGCCTGCTGGATGCCACCGTGGCTGGGGGCCAAACCCGA,0.0506286940000002,0.710113158,0.679177839999999,6141,113,63,True,MDSRTVFGAWRCLLDATVAGGQTR
UbN24withATG_ENST00000497599.5_KCNMB3,UbN24withATG,ENST00000497599.5,,1,KCNMB3,MQPFSIPVQITLQGSRRRQGRTAF,44.2232456,244.8556993,86.27664504,12.34269573,387.6982857,2.17214105199999,26.31558382,213.3079014,79.89915829,19,338.5226435,2.270538991,9.005940739,76.12593735,335.834412,89.06538601,510.031676099999,2.990054671,1.81625521099999,118.2233419,226.7545046,52.67797938,399.472081,2.82682676399999,M,Q,P,F,S,I,P,V,Q,I,T,L,Q,G,S,R,R,R,Q,G,R,T,A,F,ATGCAGCCCTTCAGCATCCCCGTGCAAATCACACTTCAGGGCAGCCGGAGGCGCCAGGGGAGGACAGCCTTT,0.0983979390000002,0.817913619,0.654685712,4336,48,72,True,MQPFSIPVQITLQGSRRRQGRTAF
UbN24withATG_ENST00000283429.10_NMRAL1,UbN24withATG,ENST00000283429.10,,1,NMRAL1,MVDKKLVVVFGGTGAQGGSVARTL,13.45924866,165.4078394,34.97701826,2.244126497,216.0882328,2.120349092,15.78935029,217.0068823,47.70099002,29,309.4972226,2.290508713,9.005940739,54.02485876,113.6670317,6.361813287,183.0596445,2.641237548,3.632510423,72.38163788,77.42836741,36.15155447,189.594070199999,2.770588267,M,V,D,K,K,L,V,V,V,F,G,G,T,G,A,Q,G,G,S,V,A,R,T,L,ATGGTGGACAAGAAACTGGTGGTGGTTTTCGGAGGCACAGGTGCCCAGGGTGGCTCCGTGGCCCGCACACTC,0.170159620999999,0.520888456,0.650239174999999,2279,579,75,True,MVDKKLVVVFGGTGAQGGSVARTL
UbN24withATG_ENST00000372159.7_DDX31,UbN24withATG,ENST00000372159.7,,1,DDX31,MAPDLASQRHSESFPSVNSRPNVI,7.690999235,114.613306,92.10614808,17.95301197,232.3634653,2.517814505,8.77186127399999,122.0663713,66.78138603,7,204.6196186,2.351918967,0.0,15.96189009,116.2503734,64.67843508,196.8906985,3.247429388,0.0,33.77809768,128.309866,71.27020739,233.3581711,3.160663368,M,A,P,D,L,A,S,Q,R,H,S,E,S,F,P,S,V,N,S,R,P,N,V,I,ATGGCGCCGGATCTCGCTTCTCAGAGGCATTCAGAGAGCTTCCCCAGCGTGAACTCTCGGCCGAATGTAATT,-0.165895538,0.729614883,0.642848863,14273,104,83,True,MAPDLASQRHSESFPSVNSRPNVI
UbN24withATG_ENST00000487078.5_AGBL5,UbN24withATG,ENST00000487078.5,,1,AGBL5,MELRCGGLLFSSRFDSGNLAHVEK,48.06874522,265.6944822,280.982046699999,20.19713847,614.9424126,2.444444183,17.54372255,224.404844199999,218.2320294,55,515.1805961,2.603066787,18.01188148,69.98674885,388.792915399999,211.000140699999,687.7916864,3.152647424,7.265020845,97.71521113,451.29677,175.5932646,731.8702666,3.08655634,M,E,L,R,C,G,G,L,L,F,S,S,R,F,D,S,G,N,L,A,H,V,E,K,ATGGAGCTGCGCTGTGGGGGATTGCTGTTCAGTTCTCGCTTTGATTCAGGGAATCTAGCCCACGTGGAGAAG,0.158622603999999,0.708203240999999,0.642112156999999,2547,118,84,True,MELRCGGLLFSSRFDSGNLAHVEK
UbN24withATG_ENST00000360507.9_CNPPD1,UbN24withATG,ENST00000360507.9,,1,CNPPD1,MDLTGLLLDEEGTFSLAGFQDFTF,3.84549961699999,92.4720992,39.64062069,8.976505987,144.934725499999,2.370843722,14.03497804,126.9983459,34.58321777,9,184.6165417,2.208801657,0.0,12.27837699,67.16688239,58.31662179,137.7618812,3.33418710899999,0.0,43.42898273,70.7916501999999,45.44766848,159.6683014,3.012642996,M,D,L,T,G,L,L,L,D,E,E,G,T,F,S,L,A,G,F,Q,D,F,T,F,ATGGACCTGACCGGGCTCCTGCTGGACGAAGAAGGCACCTTCTCCCTCGCCGGCTTCCAGGACTTCACGTTC,-0.162042065,0.963343386999999,0.641799274,14182,13,85,True,MDLTGLLLDEEGTFSLAGFQDFTF
UbN24withATG_ENST00000395530.6_SPECC1,UbN24withATG,ENST00000395530.6,,1,SPECC1,MGNHSGRPEDPEPGAFTTTKRTGI,9.613749043,35.16544617,108.428756599999,32.5398342,185.747786,2.88235063,7.017489019,32.05783489,91.8244058,29,159.899729699999,2.893102928,4.50297037,33.15161788,85.2502738,149.5026122,272.4074743,3.394060603,7.265020845,13.26996694,73.00388927,157.0010366,250.5399136,3.515690399,M,G,N,H,S,G,R,P,E,D,P,E,P,G,A,F,T,T,T,K,R,T,G,I,ATGGGCAACCACTCAGGACGGCCCGAGGATCCGGAACCAGGGGCCTTTACAACAACTAAACGGACAGGCATT,0.0107522980000003,0.511709973,0.633339769,7887,614,91,True,MGNHSGRPEDPEPGAFTTTKRTGI
UbN24withATG_ENST00000530943.6_KLK12,UbN24withATG,ENST00000530943.6,,1,KLK12,MGLSIFLLLCVLGEFSRSRERAGL,119.2104881,48.1896854999999,11.65900609,10.09856924,189.157749,1.538193153,89.47298499,90.00853642,11.92524751,11,202.4067689,1.725563835,4.50297037,246.7953775,21.95840386,0.0,273.2567518,2.063879239,7.265020845,177.3350128,16.59179302,13.42772023,214.6195469,2.168587685,M,G,L,S,I,F,L,L,L,C,V,L,G,E,F,S,R,S,R,E,R,A,G,L,ATGGGGCTCAGCATCTTTTTGCTCCTGTGTGTTCTTGGTGAGTTCTCCCGGAGCAGGGAGAGGGCAGGACTG,0.187370681999999,0.525686086,0.630394531999999,1883,551,94,True,MGLSIFLLLCVLGEFSRSRERAGL
UbN24withATG_ENST00000510175.5_ZNF718,UbN24withATG,ENST00000510175.5,,1,ZNF718,MELLTFKDVAIEFSPEEWKCLDTS,17.30474828,109.403610299999,18.65440974,0.0,145.3627683,2.009284781,38.5961896,77.67859992,32.19816827,0,148.4729578,1.956907834,6.754455555,12.27837699,93.00029869,15.90453322,127.9376645,2.92275335899999,9.081276057,36.19081894,50.88149858,14.46062179,110.6142154,2.639352418,M,E,L,L,T,F,K,D,V,A,I,E,F,S,P,E,E,W,K,C,L,D,T,S,ATGGAACTCTTAACATTCAAGGATGTGGCCATAGAATTCTCTCCAGAAGAGTGGAAATGTCTGGACACTTCC,-0.0523769469999997,0.913468577999999,0.630067637,10635,23,95,True,MELLTFKDVAIEFSPEEWKCLDTS
UbN24withATG_ENST00000546087.5_SOD2,UbN24withATG,ENST00000546087.5,,1,SOD2,MQLHHSKHHAAYVNNLNVTEEKYQ,24.99574751,186.2466223,58.29503043,13.46475898,283.0021593,2.212820994,17.54372255,150.4252252,82.28420779,5,255.253155599999,2.292809251,18.01188148,38.06296867,173.0838892,73.1608527999999,302.3195922,2.996937417,9.081276057,65.14347409,151.5383762,41.31606226,267.0791886,2.84278084699999,M,Q,L,H,H,S,K,H,H,A,A,Y,V,N,N,L,N,V,T,E,E,K,Y,Q,ATGCAGCTGCACCACAGCAAGCACCACGCGGCCTACGTGAACAACCTGAACGTCACCGAGGAGAAGTACCAG,0.0799882570000001,0.784116423,0.629959852999999,4990,68,96,True,MQLHHSKHHAAYVNNLNVTEEKYQ
UbN24withATG_ENST00000368089.4_KCNJ10,UbN24withATG,ENST00000368089.4,,1,KCNJ10,MTSVAKVYYSQTTQTESRPLMGPG,7.690999235,50.79453336,51.29962678,40.39427694,150.1794363,2.828323667,1.754372255,44.38777138,82.28420779,42,170.4263514,2.96540138399999,0.0,2.455675398,42.6251369,69.97994615,115.060758499999,3.586857515,0.0,24.12721263,39.82030324,96.05984474,160.0073606,3.44955826899999,M,T,S,V,A,K,V,Y,Y,S,Q,T,T,Q,T,E,S,R,P,L,M,G,P,G,ATGACGTCAGTTGCCAAGGTGTATTACAGTCAGACCACTCAGACAGAAAGCCGGCCCCTAATGGGCCCAGGG,0.137077716999999,0.758533848,0.621234601999999,3133,79,98,True,MTSVAKVYYSQTTQTESRPLMGPG
UbN24withATG_ENST00000355946.6_SH3PXD2A,UbN24withATG,ENST00000355946.6,,1,SH3PXD2A,MLAYCVQDATVVDVEKRRNPSKHY,3.84549961699999,79.44785987,54.7973285999999,23.56332822,161.6540163,2.606718519,7.017489019,73.97961897,84.66925729,21,186.6663653,2.640992651,11.25742592,13.50621469,65.87521158,73.1608527999999,163.799705,3.22673903,0.0,16.88904884,74.1100088,48.54637315,139.5454308,3.226860343,M,L,A,Y,C,V,Q,D,A,T,V,V,D,V,E,K,R,R,N,P,S,K,H,Y,ATGCTCGCCTACTGCGTGCAGGATGCCACCGTGGTGGACGTGGAGAAGCGGAGGAACCCCTCCAAGCACTAC,0.0342741319999997,0.620020510999999,0.620141824,6856,247,99,True,MLAYCVQDATVVDVEKRRNPSKHY
UbN24withATG_ENST00000537466.6_GPN3,UbN24withATG,ENST00000537466.6,,1,GPN3,MPRYAQLVMGPAGSGKVRICGDKE,23.0729977,87.26240347,88.60844625,6.73237949,205.6762269,2.384099848,54.3855399,123.299365,97.78702955,9,284.471934399999,2.215843752,15.76039629,27.01242938,156.2921686,43.47239079,242.537385099999,2.937903053,5.448765634,73.58799851,137.1588223,79.53341984,295.7290063,2.983254568,M,P,R,Y,A,Q,L,V,M,G,P,A,G,S,G,K,V,R,I,C,G,D,K,E,ATGCCTCGGTATGCGCAGCTGGTCATGGGCCCCGCGGGCAGCGGGAAGGTGAGGATCTGCGGGGACAAGGAG,-0.168256095999999,0.553803205,0.59915472,14329,429,116,True,MPRYAQLVMGPAGSGKVRICGDKE
UbN24withATG_ENST00000281456.10_SLC25A4,UbN24withATG,ENST00000281456.10,,1,SLC25A4,MGDHAWSFLKDFLAGGVAAAVSKT,7.690999235,147.1739044,50.13372617,24.68539146,229.6840212,2.399738342,5.26311676399999,155.3571998,78.70663354,22,261.3269501,2.449412189,6.754455555,28.24026708,68.45855321,50.89450629,154.3477821,3.059251438,12.71378648,16.88904884,105.0813558,40.2831607,174.9673518,2.98837805399999,M,G,D,H,A,W,S,F,L,K,D,F,L,A,G,G,V,A,A,A,V,S,K,T,ATGGGTGATCACGCTTGGAGCTTCCTAAAGGACTTCCTGGCCGGGGGCGTCGCCGCTGCCGTCTCCAAGACC,0.0496738470000002,0.659513096,0.588639711999999,6174,169,124,True,MGDHAWSFLKDFLAGGVAAAVSKT
UbN24withATG_ENST00000588431.1_KRT9,UbN24withATG,ENST00000588431.1,,1,KRT9,MTLDDFRIKFEMEQNLRQGVDADI,5.768249426,139.3593608,33.81111765,16.83094873,195.7696766,2.31519062,28.06995608,173.8521046,54.85613853,15,271.7781992,2.208943111,0.0,20.87324088,174.3755601,67.85934172,263.1081427,3.178580945,0.0,59.11167093,165.9179302,34.08575136,259.1153525,2.903417843,M,T,L,D,D,F,R,I,K,F,E,M,E,Q,N,L,R,Q,G,V,D,A,D,I,ATGACACTGGATGACTTCAGGATAAAGTTTGAGATGGAGCAAAACCTGCGGCAAGGAGTGGATGCTGACATC,-0.106247509,0.863390325,0.588227223,12688,35,127,True,MTLDDFRIKFEMEQNLRQGVDADI
UbN24withATG_ENST00000573314.5_INTS14,UbN24withATG,ENST00000573314.5,,1,INTS14,MPTDCVRRWARGEWGGRGPGTAFR,0.0,138.0569368,115.424160299999,6.73237949,260.2134766,2.495319923,19.2980948,149.192231599999,47.70099002,5,221.191316399999,2.173618458,6.754455555,18.41756549,118.833714999999,41.35178636,185.3575224,3.050849351,1.81625521099999,47.04806462,118.3547902,69.20440428,236.4235143,3.078350198,M,P,T,D,C,V,R,R,W,A,R,G,E,W,G,G,R,G,P,G,T,A,F,R,ATGCCGACGGACTGTGTCCGGCGATGGGCACGGGGTGAGTGGGGAGGCCGAGGGCCCGGGACTGCCTTTCGC,-0.321701465,0.555529427999999,0.583030275,16069,421,133,True,MPTDCVRRWARGEWGGRGPGTAFR
UbN24withATG_ENST00000624951.1_CU633980.2,UbN24withATG,ENST00000624951.1,,1,CU633980.2,MEWAKWTPHEASNQTQASTLLGLL,9.613749043,153.686024,39.64062069,7.854442739,210.7948365,2.216968109,7.017489019,122.0663713,35.77574252,13,177.8596028,2.307873472,0.0,62.61972265,113.6670317,44.53269301,220.8194474,2.91809131899999,10.89753127,59.11167093,117.2486706,36.15155447,223.4094273,2.799671932,M,E,W,A,K,W,T,P,H,E,A,S,N,Q,T,Q,A,S,T,L,L,G,L,L,ATGGAATGGGCCAAGTGGACTCCCCATGAAGCCTCCAACCAGACCCAGGCCAGCACCCTCCTGGGGCTCCTG,0.0909053629999996,0.701123209999999,0.582703822999999,4598,125,134,True,MEWAKWTPHEASNQTQASTLLGLL
UbN24withATG_ENST00000614314.4_ARFIP2,UbN24withATG,ENST00000614314.4,,1,ARFIP2,MTDGILGKAATMEIPIHGNGEARQ,34.60949656,50.79453336,186.5440974,60.59141541,332.539542699999,2.821308135,8.77186127399999,65.34866343,149.0655938,75,298.1861185,2.973532014,0.0,14.73405239,59.4168574999999,181.3116787,255.4625886,3.65206270399999,0.0,61.5243922,69.68553067,189.0209848,320.2309077,3.39813956,M,T,D,G,I,L,G,K,A,A,T,M,E,I,P,I,H,G,N,G,E,A,R,Q,ATGACGGACGGGATCCTAGGGAAGGCAGCCACAATGGAGATCCCTATCCACGGGAACGGCGAAGCCAGGCAG,0.152223878999999,0.830754568999999,0.576831425,2707,43,141,True,MTDGILGKAATMEIPIHGNGEARQ
UbN24withATG_ENST00000548446.6_ATF7,UbN24withATG,ENST00000548446.6,,1,ATF7,MGDDRPFVCNAPGCGQRFTNEDHL,23.0729977,14.32666326,111.9264584,57.22522567,206.5513451,2.984277841,26.31558382,39.45579679,69.16643553,62,196.9378161,2.847226069,4.50297037,0.0,31.00009956,127.2362657,162.7393357,3.726501214,0.0,18.09540947,58.62433532,138.4088086,215.1285533,3.559262809,M,G,D,D,R,P,F,V,C,N,A,P,G,C,G,Q,R,F,T,N,E,D,H,L,ATGGGAGACGACAGACCGTTTGTGTGCAATGCCCCGGGCTGTGGACAGAGATTTACAAACGAGGACCACCTG,-0.137051772,0.742223372999999,0.574984967999999,13620,91,145,True,MGDDRPFVCNAPGCGQRFTNEDHL
UbN24withATG_ENST00000475390.1_SLITRK3,UbN24withATG,ENST00000475390.1,,1,SLITRK3,MKPSIAEMLHRGRMLWIILLSTIA,117.287738299999,45.58483763,4.66360243399999,3.366189745,170.9023681,1.38039620199999,75.43800695,35.75681584,4.770099002,8,123.964921799999,1.55900502199999,56.28712962,101.910529,25.8334163,14.844231,198.875306,1.996152105,74.46646366,164.0650459,42.03254231,9.296114007,289.8601658,1.95224699699999,M,K,P,S,I,A,E,M,L,H,R,G,R,M,L,W,I,I,L,L,S,T,I,A,ATGAAACCTTCCATAGCTGAGATGCTTCACAGAGGAAGGATGTTGTGGATAATTCTTCTAAGCACAATTGCT,0.17860882,0.615755903,0.571850795,2081,259,151,True,MKPSIAEMLHRGRMLWIILLSTIA
UbN24withATG_ENST00000528420.5_UVRAG,UbN24withATG,ENST00000528420.5,,1,UVRAG,MPDRLDTSVSCFVVKIWGGKENIY,398.0092104,87.26240347,108.428756599999,12.34269573,606.0430662,1.56291049699999,549.1185157,83.84356817,59.62623753,9,701.588321399999,1.327964472,40.52673333,311.8707756,51.66683261,24.38695093,428.451292399999,2.139838535,27.24382817,294.351994,56.41209625,11.36191712,389.3698356,2.133272014,M,P,D,R,L,D,T,S,V,S,C,F,V,V,K,I,W,G,G,K,E,N,I,Y,ATGCCAGACCGTCTTGATACATCTGTGTCTTGTTTCGTGGTGAAGATATGGGGTGGAAAGGAGAACATCTAC,-0.234946024999999,0.576928038,0.570361517,15389,357,153,True,MPDRLDTSVSCFVVKIWGGKENIY
UbN24withATG_ENST00000449576.6_LPIN1,UbN24withATG,ENST00000449576.6,,1,LPIN1,MGEQDGIRSSSWETSQGKSSPDSA,21.1502479,71.63331628,264.659438199999,46.00459318,403.4475955,2.831628148,26.31558382,77.67859992,226.5797026,47,377.573886399999,2.77935506,22.51485185,12.27837699,59.4168574999999,206.7589318,300.9690182,3.49656556699999,29.06008338,19.3017701,100.6568776,212.777720599999,361.7964517,3.37412136899999,M,G,E,Q,D,G,I,R,S,S,S,W,E,T,S,Q,G,K,S,S,P,D,S,A,ATGGGGGAACAGGACGGCATTCGCAGCTCCAGCTGGGAGACCTCGCAGGGCAAGAGCTCCCCAGACTCGGCT,-0.0522730880000001,0.664937418999999,0.542493220999999,10629,162,186,True,MGEQDGIRSSSWETSQGKSSPDSA
UbN24withATG_ENST00000389167.9_GPS2,UbN24withATG,ENST00000389167.9,,1,GPS2,MPALLERPKLSNAMARALHRHIMM,382.6272119,306.0696241,55.96322921,8.976505987,753.6365712,1.590371563,466.6630198,255.2296855,40.54584152,6,768.4385467,1.461092653,56.28712962,375.718335899999,86.54194462,64.67843508,583.2258453,2.27367046,83.54773972,366.7336319,108.3997144,25.82253891,584.5036249,2.13087524,M,P,A,L,L,E,R,P,K,L,S,N,A,M,A,R,A,L,H,R,H,I,M,M,ATGCCCGCACTCCTGGAGCGCCCCAAGCTTTCCAACGCCATGGCCAGGGCGCTGCACCGGCACATTATGATG,-0.12927891,0.683298896999999,0.540503676999999,13387,147,193,True,MPALLERPKLSNAMARALHRHIMM
UbN24withATG_ENST00000371521.8_NDOR1,UbN24withATG,ENST00000371521.8,,1,NDOR1,MPSPQLLVLFGSQTGTAQDVSERL,69.21899311,253.9726668,135.2444706,38.15015044,496.586281,2.286608358,33.33307284,329.209304399999,109.7122771,48,520.2546543,2.331336208,33.77227777,76.12593735,329.3760579,84.82417715,524.0984502,2.887718966,7.265020845,144.7632758,321.8807845,64.0398965,537.9489776,2.82293223899999,M,P,S,P,Q,L,L,V,L,F,G,S,Q,T,G,T,A,Q,D,V,S,E,R,L,ATGCCGAGCCCGCAGCTTCTGGTGCTCTTCGGCAGCCAGACAGGCACGGCTCAGGATGTGTCGGAGAGACTG,0.0447278500000001,0.601110608,0.536323880999999,6405,297,201,True,MPSPQLLVLFGSQTGTAQDVSERL
UbN24withATG_ENST00000590341.5_SLC7A9,UbN24withATG,ENST00000590341.5,,1,SLC7A9,MGDTGLRKRREDEKSIQSQEPKTT,3.84549961699999,31.25817438,122.4195639,85.27680688,242.8000448,3.190805703,5.26311676399999,9.863949196,127.6001483,111,253.7272143,3.357115091,0.0,6.139188496,40.04179527,211.000140699999,257.1811244,3.796562938,12.71378648,3.619081894,44.24478138,263.3898969,323.9675466,3.723354066,M,G,D,T,G,L,R,K,R,R,E,D,E,K,S,I,Q,S,Q,E,P,K,T,T,ATGGGGGATACTGGCCTGAGAAAGCGGAGAGAGGATGAGAAGTCGATCCAGAGCCAAGAGCCTAAGACCACC,0.166309388,0.605757235,0.532548363,2371,286,208,True,MGDTGLRKRREDEKSIQSQEPKTT
UbN24withATG_ENST00000338631.10_ACIN1,UbN24withATG,ENST00000338631.10,,1,ACIN1,MSPADRCRSANTIEPATTSSLALF,0.0,88.5648274,100.267452299999,23.56332822,212.395608,2.693960248,5.26311676399999,72.74662532,107.327227599999,30,215.3369696,2.752607,6.754455555,13.50621469,50.37516179,59.37692401,130.012756,3.248912485,12.71378648,27.74629452,66.36717206,97.0927463,203.9199994,3.21537308199999,M,S,P,A,D,R,C,R,S,A,N,T,I,E,P,A,T,T,S,S,L,A,L,F,ATGTCTCCGGCTGATCGCTGCCGCTCCGCCAATACAATAGAGCCAGCCACTACCAGCAGCCTGGCCCTCTTC,0.0586467519999995,0.554952236999999,0.521412833999999,5809,426,224,True,MSPADRCRSANTIEPATTSSLALF
UbN24withATG_ENST00000354853.2_MOV10L1,UbN24withATG,ENST00000354853.2,,1,MOV10L1,MSDISGQVTKLVKNYRSHEALLML,73.06449273,300.8599284,145.737576099999,23.56332822,543.2253254,2.220534158,3.50874450899999,299.6174568,131.1777226,31,465.3039239,2.407623853,9.005940739,149.7961993,284.1675793,80.5829682999999,523.5526877,2.833397642,0.0,183.366816,242.240178,57.84248716,483.4494811,2.740356886,M,S,D,I,S,G,Q,V,T,K,L,V,K,N,Y,R,S,H,E,A,L,L,M,L,ATGTCGGACATCAGTGGCCAGGTCACAAAGCTGGTGAAGAACTACCGGTCCCACGAGGCCCTGCTGATGCTG,0.187089695,0.612863484,0.519822728,1891,265,228,True,MSDISGQVTKLVKNYRSHEALLML
UbN24withATG_ENST00000377953.3_UQCC3,UbN24withATG,ENST00000377953.3,,1,UQCC3,MDSLRKMLISVAMLGAGAGVGYAL,194.197730699999,102.8914907,10.49310548,1.122063248,308.7043901,1.412186854,124.560430099999,129.4643332,3.577574252,8,265.6023375,1.60473670199999,69.79604073,128.9229584,27.12508712,11.66332436,237.5074106,1.91855283699999,56.30391155,156.8268821,18.80403208,10.32901556,242.2638413,1.930481378,M,D,S,L,R,K,M,L,I,S,V,A,M,L,G,A,G,A,G,V,G,Y,A,L,ATGGATTCCTTGCGGAAAATGCTGATCTCAGTCGCAATGCTGGGCGCAGGGGCTGGCGTGGGCTACGCGCTC,0.192549847999999,0.506365982999999,0.518294524,1779,638,231,True,MDSLRKMLISVAMLGAGAGVGYAL
UbN24withATG_ENST00000346878.3_THEG,UbN24withATG,ENST00000346878.3,,1,THEG,MGDSRRRSLGNQPSSEAAGRSERE,3.84549961699999,9.116967526,71.11993713,49.37078293,133.4531872,3.24400178699999,22.80683931,14.79592379,108.5197523,32,178.1225154,2.84050527,0.0,0.0,25.8334163,163.286541,189.1199573,3.863401956,5.448765634,0.0,23.22851022,136.3430054,165.0202813,3.760182162,M,G,D,S,R,R,R,S,L,G,N,Q,P,S,S,E,A,A,G,R,S,E,R,E,ATGGGGGACAGCAGGCGAAGGTCACTCGGGAACCAGCCCAGCTCTGAGGCTGCGGGCAGGTCGGAAAGGGAG,-0.403496516999999,0.619400169,0.516180375,16335,248,237,True,MGDSRRRSLGNQPSSEAAGRSERE
UbN24withATG_ENST00000464839.5_GBP2,UbN24withATG,ENST00000464839.5,,1,GBP2,MAPEINLPGPMSLIDNTKGQLVVN,7.690999235,113.3108821,31.47931643,7.854442739,160.3356405,2.246340755,8.77186127399999,97.40649831,5.962623753,8,120.140983299999,2.109794028,4.50297037,51.56918336,113.6670317,34.98997308,204.729158499999,2.875029277,9.081276057,72.38163788,119.4609097,34.08575136,235.009575,2.759761113,M,A,P,E,I,N,L,P,G,P,M,S,L,I,D,N,T,K,G,Q,L,V,V,N,ATGGCTCCAGAGATCAACTTGCCGGGCCCAATGAGCCTCATTGATAACACTAAAGGGCAGCTGGTGGTGAAT,-0.136546726999999,0.628688522,0.513420358,13605,227,241,True,MAPEINLPGPMSLIDNTKGQLVVN
UbN24withATG_ENST00000551171.5_RDH12,UbN24withATG,ENST00000551171.5,,1,RDH12,MLVTLGLLTSFFSFLYMVAPSIRK,98.06024024,46.88726156,17.48850913,3.366189745,165.8022007,1.554653971,73.6836347,56.71770788,9.540198005,1,140.9415406,1.5590836,22.51485185,55.25269646,11.62503734,11.66332436,101.05591,2.123068846,32.6925938,55.49258904,22.12239069,9.296114007,119.6036875,2.067071719,M,L,V,T,L,G,L,L,T,S,F,F,S,F,L,Y,M,V,A,P,S,I,R,K,ATGCTGGTCACCTTGGGACTGCTCACCTCCTTCTTCTCGTTCCTGTATATGGTAGCTCCATCCATCAGGAAG,0.0044296290000001,0.568414874999999,0.512417747999999,8165,380,246,True,MLVTLGLLTSFFSFLYMVAPSIRK
UbN24withATG_ENST00000523924.5_ZFAT,UbN24withATG,ENST00000523924.5,,1,ZFAT,METRAAGLLEFAGGPLHTLFAWVS,311.485468999999,130.2423932,46.63602434,12.34269573,500.7065823,1.520349718,275.436444,168.92013,41.73836627,22,508.0949403,1.626648363,69.79604073,346.2502312,42.6251369,34.98997308,493.6613819,2.086717422,121.6890992,295.5583547,95.12627996,19.62512957,531.9988634,2.023848622,M,E,T,R,A,A,G,L,L,E,F,A,G,G,P,L,H,T,L,F,A,W,V,S,ATGGAGACGCGGGCGGCAGGTCTGCTGGAGTTTGCTGGAGGTCCGCTCCATACCCTGTTTGCCTGGGTATCA,0.106298645,0.566367703999999,0.503498904,4079,387,260,True,METRAAGLLEFAGGPLHTLFAWVS
UbN24withATG_ENST00000472437.5_MITF,UbN24withATG,ENST00000472437.5,,1,MITF,MTSRILLRQQLMREQMQEQERREQ,3.84549961699999,29.95575044,99.10155173,37.0280872,169.930888999999,2.99635932899999,36.84181735,16.02891744,79.89915829,58,190.7698931,2.833765425,0.0,3.683513097,29.70842875,102.849314799999,136.241256599999,3.727869106,0.0,16.88904884,22.12239069,72.30310895,111.3145485,3.497815073,M,T,S,R,I,L,L,R,Q,Q,L,M,R,E,Q,M,Q,E,Q,E,R,R,E,Q,ATGACATCACGCATCTTGCTACGCCAGCAACTCATGCGTGAGCAGATGCAGGAGCAGGAGCGCAGGGAGCAG,-0.162593903999999,0.731509777,0.501455744,14196,103,264,True,MTSRILLRQQLMREQMQEQERREQ
UbN24withATG_ENST00000488079.1_FBXO24,UbN24withATG,ENST00000488079.1,,0,FBXO24,MGEKAVPLLRRRRTRRACISRHLE,46.14599541,138.0569368,59.46093104,13.46475898,257.1286223,2.156514873,33.33307284,113.4354158,22.65797026,0,169.4264589,1.936992707,11.25742592,71.21458655,160.1671811,14.844231,257.4834246,2.693629959,7.265020845,92.88976861,103.9752362,7.230310895,211.360336599999,2.525977764,M,G,E,K,A,V,P,L,L,R,R,R,R,T,R,R,A,C,I,S,R,H,L,E,ATGGGCGAGAAGGCGGTCCCTTTGCTAAGGAGGAGGCGGACACGAAGGGCCTGTATTTCCAGGCATTTGGAG,-0.219522166,0.537115085999999,0.369462890999999,15196,495,828,False,MGEKAVPLLRRRRTRRACISRHLE
UbN24withATG_ENST00000313182.6_INTS14,UbN24withATG,ENST00000313182.6,,0,INTS14,MPTVVVMDVSLSMTRPVSIEGSEE,38.45499617,166.7102633,51.29962678,5.610316242,262.0752025,2.091825792,54.3855399,156.5901935,75.12905929,14,300.104792699999,2.162421663,24.76633703,219.7829481,107.2086777,24.38695093,376.1449138,2.34884492,0.0,238.859404999999,61.94269393,49.57927471,350.3813736,2.459788263,M,P,T,V,V,V,M,D,V,S,L,S,M,T,R,P,V,S,I,E,G,S,E,E,ATGCCGACAGTGGTGGTAATGGATGTATCCCTTTCCATGACCCGACCTGTGTCTATTGAGGGGTCCGAGGAA,0.070595871,0.257019128,0.367962471,5360,3967,839,False,MPTVVVMDVSLSMTRPVSIEGSEE
UbN24withATG_ENST00000568640.5_NDRG4,UbN24withATG,ENST00000568640.5,,0,NDRG4,MPECWDGRSQERRLPRVSSTVSPL,30.76399694,41.67756584,162.060184599999,66.20173165,300.703479,2.876942468,0.0,45.62076503,164.5684156,129,339.1891806,3.245819265,20.26336666,23.32891628,102.0419944,135.7186834,281.3529608,3.255419504,10.89753127,25.33357326,105.0813558,107.421761899999,248.7342222,3.242399801,M,P,E,C,W,D,G,R,S,Q,E,R,R,L,P,R,V,S,S,T,V,S,P,L,ATGCCGGAGTGCTGGGATGGGAGGAGCCAAGAGCGGAGGCTGCCCAGAGTGTCCAGCACGGTCTCTCCCCTT,0.368876797,0.378477035999999,0.365457333,268,1773,859,False,MPECWDGRSQERRLPRVSSTVSPL
UbN24withATG_ENST00000567923.1_INTS14,UbN24withATG,ENST00000567923.1,,0,INTS14,MPTESLCRRTVSGDGHGLSVCILI,494.1467008,213.5975249,57.12912982,16.83094873,781.7043043,1.484004794,529.820420899999,242.899749,75.12905929,26,873.8492292,1.53917524,292.693074,332.7440165,94.29196951,19.08543986,738.8144999,1.78312523,345.088490199999,207.494028599999,75.21612834,69.20440428,697.0030514,1.811387406,M,P,T,E,S,L,C,R,R,T,V,S,G,D,G,H,G,L,S,V,C,I,L,I,ATGCCGACGGAAAGTTTATGCCGACGGACTGTGTCCGGCGATGGGCACGGGCTGTCTGTTTGCATTCTGATT,0.0551704459999999,0.299120435999999,0.327382611999999,5941,3060,1161,False,MPTESLCRRTVSGDGHGLSVCILI
UbN24withATG_ENST00000256720.6_LPIN1,UbN24withATG,ENST00000256720.6,,0,LPIN1,MNYVGQLAGQVFVTVKELYKGLNP,40.37774598,144.5690565,44.30422313,5.610316242,234.8613418,2.064493839,87.71861274,160.2891744,63.20381178,14,325.211599,2.010716712,29.2693073999999,143.6570108,113.6670317,34.98997308,321.583323,2.480054964,39.95761465,132.6996694,106.1874753,13.42772023,292.2724796,2.318488081,M,N,Y,V,G,Q,L,A,G,Q,V,F,V,T,V,K,E,L,Y,K,G,L,N,P,ATGAATTACGTGGGGCAGTTAGCCGGCCAGGTGTTTGTCACCGTGAAGGAGCTCTACAAGGGGCTGAATCCC,-0.0537771270000004,0.415561125,0.253994241999999,10696,1314,2092,False,MNYVGQLAGQVFVTVKELYKGLNP
UbN24withATG_ENST00000576599.5_B3GNTL1,UbN24withATG,ENST00000576599.5,,0,B3GNTL1,MEQVQTGGLRTGSGFLTSTLHVIQ,9.613749043,75.54058808,338.1111765,79.66649063,502.9320043,2.969972888,10.52623353,75.21261262,438.849108199999,98,622.5879544,3.002786627,11.25742592,27.01242938,348.7511201,268.2564602,655.2774357,3.333796293,7.265020845,54.28622841,263.2564492,175.5932646,500.400963,3.213382872,M,E,Q,V,Q,T,G,G,L,R,T,G,S,G,F,L,T,S,T,L,H,V,I,Q,ATGGAGCAGGTTCAGACGGGCGGCCTGCGGACAGGCAGCGGTTTCCTCACATCCACTTTGCATGTGATTCAA,0.0328137389999998,0.363823405,0.243409983999999,6928,1975,2271,False,MEQVQTGGLRTGSGFLTSTLHVIQ
UbN24withATG_ENST00000431261.6_INTS14,UbN24withATG,ENST00000431261.6,,0,INTS14,MDDYDKTCLESALVGVCNIVQQEW,30.76399694,29.95575044,220.355215,94.25331286,375.3282753,3.007379056,10.52623353,18.49490474,165.7609403,67,261.7820786,3.104868249,9.005940739,36.83513097,117.5420442,124.0553591,287.438475,3.24077621,9.081276057,26.53993389,108.3997144,101.2243525,245.2452768,3.230470765,M,D,D,Y,D,K,T,C,L,E,S,A,L,V,G,V,C,N,I,V,Q,Q,E,W,ATGGATGATTATGACAAAACCTGCTTGGAGTCTGCATTAGTTGGTGTTTGCAATATCGTTCAGCAAGAATGG,0.0974891929999994,0.233397153999999,0.223091708999999,4361,4531,2626,False,MDDYDKTCLESALVGVCNIVQQEW
UbN24withATG_ENST00000262710.5_ACIN1,UbN24withATG,ENST00000262710.5,,0,ACIN1,MWRRKHPRTSGGTRGVLSGNRGVE,23.0729977,5.209695729,76.94944017,130.1593368,235.3914704,3.33477698,22.80683931,22.19388569,85.86178204,214,344.862507,3.423915133,4.50297037,2.455675398,60.70852831,217.361954,285.029127999999,3.722383495,0.0,8.444524419,94.02016042,141.5075132,243.9721981,3.545402262,M,W,R,R,K,H,P,R,T,S,G,G,T,R,G,V,L,S,G,N,R,G,V,E,ATGTGGAGACGGAAACATCCGAGGACATCCGGAGGAACCCGGGGAGTTCTGAGTGGTAATCGAGGGGTAGAG,0.0891381529999999,0.387606514999999,0.210625282,4661,1635,2860,False,MWRRKHPRTSGGTRGVLSGNRGVE
UbN24withATG_ENST00000357481.6_ACIN1,UbN24withATG,ENST00000357481.6,,0,ACIN1,MLSESKEGEEKEEVTMDTSENRPE,23.0729977,11.72181539,74.61763895,290.6143813,400.0268334,3.581827395,1.754372255,4.931974598,75.12905929,282,363.8154061,3.751917803,31.52079259,20.87324088,36.16678283,273.5579713,362.1187876,3.523704242,3.632510423,4.825442525,70.7916501999999,344.9891198,424.238723,3.784696536,M,L,S,E,S,K,E,G,E,E,K,E,E,V,T,M,D,T,S,E,N,R,P,E,ATGTTATCAGAAAGCAAAGAAGGTGAGGAGAAGGAGGAAGTGACCATGGACACAAGTGAAAACAGACCTGAA,0.170090408,-0.0581231529999999,0.202869141,2280,13001,3041,False,MLSESKEGEEKEEVTMDTSENRPE
UbN24withATG_ENST00000520356.5_ZFAT,UbN24withATG,ENST00000520356.5,,0,ZFAT,MCKCCNLFSPNQSELLSHVSEKHM,24.99574751,117.2181539,27.98161461,13.46475898,183.660275,2.162884353,75.43800695,161.5221681,20.27292076,11,268.2330958,1.876357218,15.76039629,208.7324088,41.33346609,11.66332436,277.4895956,2.176221809,12.71378648,158.0332427,64.154933,20.65803113,255.5599933,2.362956688,M,C,K,C,C,N,L,F,S,P,N,Q,S,E,L,L,S,H,V,S,E,K,H,M,ATGTGTAAATGTTGTAACCTCTTCTCACCAAATCAGTCGGAACTCCTCTCCCACGTTTCAGAGAAGCACATG,-0.286527134999999,0.0133374559999999,0.200072335,15882,11223,3105,False,MCKCCNLFSPNQSELLSHVSEKHM
UbN24withATG_ENST00000425416.6_LPIN1,UbN24withATG,ENST00000425416.6,,0,LPIN1,MSRVQTMNYVGQLAGQVFVTVKEL,38.45499617,231.83146,64.12453347,5.610316242,340.0213058,2.108493701,26.31558382,217.0068823,62.01128703,17,322.3337532,2.216222169,54.03564444,343.7945558,80.08359054,55.13571515,533.0495059,2.255734927,29.06008338,332.9555342,80.74672601,48.54637315,491.3087168,2.302822612,M,S,R,V,Q,T,M,N,Y,V,G,Q,L,A,G,Q,V,F,V,T,V,K,E,L,ATGAGCAGAGTGCAGACCATGAATTACGTGGGGCAGTTAGCCGGCCAGGTGTTTGTCACCGTGAAGGAGCTC,0.107728467999999,0.147241225999999,0.194328910999999,4036,7038,3220,False,MSRVQTMNYVGQLAGQVFVTVKEL
UbN24withATG_ENST00000314235.9_KCNMB3,UbN24withATG,ENST00000314235.9,,0,KCNMB3,MDFSPSSELGFHFVAFILLTRHRT,488.378451399999,82.05270774,30.31341582,10.09856924,610.8431442,1.283174574,371.926918,60.41668883,22.65797026,15,470.0015771,1.32070664599999,310.7049555,66.30323575,81.37526136,12.72362657,471.107079199999,1.567226964,357.8022766,76.00071977,43.13866184,15.49352335,492.4351816,1.423931151,M,D,F,S,P,S,S,E,L,G,F,H,F,V,A,F,I,L,L,T,R,H,R,T,ATGGACTTTTCACCAAGCTCTGAACTGGGATTTCATTTTGTTGCATTCATCCTGCTCACGAGACACAGGACA,0.0375320719999998,0.28405239,0.140756576999999,6711,3357,4593,False,MDFSPSSELGFHFVAFILLTRHRT
UbN24withATG_ENST00000420799.6_INTS14,UbN24withATG,ENST00000420799.6,,0,INTS14,MPTESLCRRTVSGDGHGEALSNMD,0.0,0.0,38.47472008,153.722664999999,192.1973851,3.799816631,0.0,0.0,33.39069302,124,157.390693,3.787848364,11.25742592,4.911350796,25.8334163,92.24629266,134.248485699999,3.482836657,0.0,1.206360631,18.80403208,177.659067699999,197.6694604,3.892665497,M,P,T,E,S,L,C,R,R,T,V,S,G,D,G,H,G,E,A,L,S,N,M,D,ATGCCGACGGAAAGTTTATGCCGACGGACTGTGTCCGGCGATGGGCACGGGGAAGCACTAAGTAATATGGAT,-0.0119682670000003,-0.316979974,0.0928488659999997,8941,15970,6088,False,MPTESLCRRTVSGDGHGEALSNMD
UbN24withATG_ENST00000418370.6_MYLK,UbN24withATG,ENST00000418370.6,,0,MYLK,MAMISGLSGRKSSTGSPTSPLNAE,7.690999235,35.16544617,190.041799199999,118.9387043,351.8369489,3.19438339199999,7.017489019,27.12586029,180.0712373,126,340.2145866,3.24936956,2.251485185,25.78459168,133.042094,191.9147008,352.9928716,3.457876495,7.265020845,59.11167093,171.4485278,193.152591,430.977810699999,3.277301697,M,A,M,I,S,G,L,S,G,R,K,S,S,T,G,S,P,T,S,P,L,N,A,E,ATGGCAATGATCTCAGGGCTCAGTGGCAGGAAATCCTCAACAGGGTCACCAACCAGCCCGCTCAATGCAGAA,0.0549861680000001,0.263493103,0.0829183050000001,5955,3828,6395,False,MAMISGLSGRKSSTGSPTSPLNAE
UbN24withATG_ENST00000395527.8_SPECC1,UbN24withATG,ENST00000395527.8,,0,SPECC1,MRSAAKPWNPAIRAGGHGPDRVRP,3.84549961699999,7.814543594,41.97242191,180.652183,234.2846481,3.70489740399999,0.0,9.863949196,56.04866328,171,236.9126125,3.680149736,9.005940739,1.227837699,33.5834412,138.899590099999,182.716809699999,3.65489251399999,0.0,3.619081894,44.24478138,189.0209848,236.8848481,3.78266678699999,M,R,S,A,A,K,P,W,N,P,A,I,R,A,G,G,H,G,P,D,R,V,R,P,ATGCGGAGTGCAGCCAAGCCCTGGAACCCAGCCATCAGAGCAGGGGGCCACGGCCCAGACCGGGTGCGGCCT,-0.0247476679999993,-0.0500048899999998,0.0777693830000001,9496,12801,6557,False,MRSAAKPWNPAIRAGGHGPDRVRP
UbN24withATG_ENST00000525263.5_KLK12,UbN24withATG,ENST00000525263.5,,0,KLK12,MGLSIFLLLCVLGLSQAATPKIFN,217.2707284,46.88726156,13.9908073,5.610316242,283.759113499999,1.32316081,187.7178313,102.3384729,9.540198005,0,299.5965022,1.405274655,357.986144399999,110.5053929,31.00009956,14.844231,514.335867899999,1.42197773599999,357.8022766,67.55619535,39.82030324,7.230310895,472.4090861,1.357503146,M,G,L,S,I,F,L,L,L,C,V,L,G,L,S,Q,A,A,T,P,K,I,F,N,ATGGGGCTCAGCATCTTTTTGCTCCTGTGTGTTCTTGGGCTCAGCCAGGCAGCCACACCGAAGATTTTCAAT,0.0821138449999998,0.0988169259999998,0.0343423359999999,4914,8536,8020,False,MGLSIFLLLCVLGLSQAATPKIFN
UbN24withATG_ENST00000540615.5_MOV10L1,UbN24withATG,ENST00000540615.5,,0,MOV10L1,MSFLPVRSVIGGGDTKLKTVRGVV,9.613749043,13.02423932,110.7605578,111.084261599999,244.4828078,3.322446085,15.78935029,29.59184759,189.6114353,85,319.9926332,3.074468751,9.005940739,18.41756549,77.50024891,89.06538601,193.989141199999,3.271334461,0.0,34.98445831,122.7792683,137.375907,295.1396336,3.346925445,M,S,F,L,P,V,R,S,V,I,G,G,G,D,T,K,L,K,T,V,R,G,V,V,ATGTCGTTCCTCCCTGTCCGCAGCGTCATTGGCGGTGGTGACACTAAGCTGAAAACTGTACGGGGTGTCGTG,-0.247977333999999,-0.0511116239999998,0.0244793599999999,15541,12840,8394,False,MSFLPVRSVIGGGDTKLKTVRGVV
UbN24withATG_ENST00000485523.5_KCNMB3,UbN24withATG,ENST00000485523.5,,0,KCNMB3,MTAFPASGKKRETDYSDGDPLDVH,7.690999235,27.35090258,149.2352779,41.51634019,225.7935199,2.994612065,0.0,11.09694285,166.9534651,41,219.050407899999,3.13651221899999,0.0,19.64540319,131.7504232,42.41208858,193.8079149,3.117470359,14.53004169,21.71449136,92.91404089,45.44766848,174.6062424,2.969491891,M,T,A,F,P,A,S,G,K,K,R,E,T,D,Y,S,D,G,D,P,L,D,V,H,ATGACAGCCTTTCCTGCCTCAGGGAAGAAGAGAGAGACAGACTACAGTGATGGAGACCCACTAGATGTGCAC,0.141900153999999,0.122858293999999,-0.0251201739999999,2995,7786,10193,False,MTAFPASGKKRETDYSDGDPLDVH
UbN24withATG_ENST00000246662.8_KRT9,UbN24withATG,ENST00000246662.8,,0,KRT9,MSCRQFSSSYLSRSGGGGGGGLGS,0.0,5.209695729,54.7973285999999,108.8401351,168.8471594,3.613752933,0.0,0.0,45.31594052,66,111.3159405,3.592906997,18.01188148,0.0,25.8334163,63.61813287,107.463430599999,3.25677916399999,9.081276057,4.825442525,32.0774665,119.816580499999,165.8007656,3.584005662,M,S,C,R,Q,F,S,S,S,Y,L,S,R,S,G,G,G,G,G,G,G,L,G,S,ATGAGCTGCAGACAGTTCTCCTCGTCCTACTTGAGCCGCAGCGGCGGGGGTGGCGGGGGCGGCCTGGGCAGC,-0.0208459360000001,-0.356973769,-0.0297472710000001,9332,16112,10374,False,MSCRQFSSSYLSRSGGGGGGGLGS
UbN24withATG_ENST00000228827.7_GPN3,UbN24withATG,ENST00000228827.7,,0,GPN3,MPRYAQLVMGPAGSGKSTYCATMV,13.45924866,135.452089,27.98161461,25.80745471,202.7004069,2.326280921,33.33307284,162.755161699999,58.43371278,151,405.5219474,2.80661636699999,38.27524814,84.72080124,120.1253858,21.20604429,264.3274795,2.470107105,27.24382817,170.096849,105.0813558,6.197409338,308.6194423,2.292374147,M,P,R,Y,A,Q,L,V,M,G,P,A,G,S,G,K,S,T,Y,C,A,T,M,V,ATGCCTCGGTATGCGCAGCTGGTCATGGGCCCCGCGGGCAGCGGGAAGAGCACCTACTGTGCCACCATGGTC,0.480335445999999,0.143826183999999,-0.033906774,64,7161,10517,False,MPRYAQLVMGPAGSGKSTYCATMV
UbN24withATG_ENST00000605057.5_ACIN1,UbN24withATG,ENST00000605057.5,,0,ACIN1,MAELEEVTLDGKPLQALRVTDLKA,19.22749809,19.53635899,88.60844625,122.304894099999,249.677197399999,3.25758675399999,5.26311676399999,6.16496824799999,96.5945048,138,246.0225898,3.49307991699999,27.01782222,24.55675398,80.08359054,112.3920347,244.0502015,3.138494605,34.50884902,4.825442525,136.052702699999,139.4417101,314.8287044,3.20836273399999,M,A,E,L,E,E,V,T,L,D,G,K,P,L,Q,A,L,R,V,T,D,L,K,A,ATGGCGGAGCTGGAGGAGGTGACTCTGGACGGGAAGCCTCTTCAGGCGCTGCGGGTGACCGACCTGAAGGCC,0.235493163,-0.119092148999999,-0.04922402,1172,14181,11004,False,MAELEEVTLDGKPLQALRVTDLKA
UbN24withATG_ENST00000468962.5_FBXO24,UbN24withATG,ENST00000468962.5,,0,FBXO24,MVKRSCPSCGSELGVEEKRGKGNP,0.0,14.32666326,71.11993713,215.4361437,300.8827441,3.668398186,14.03497804,11.09694285,46.50846527,156,227.640386199999,3.51323538399999,0.0,14.73405239,38.75012446,145.2614034,198.745580199999,3.656755993,9.081276057,4.825442525,45.35090091,154.9352335,214.192852999999,3.616020736,M,V,K,R,S,C,P,S,C,G,S,E,L,G,V,E,E,K,R,G,K,G,N,P,ATGGTGAAGAGAAGCTGCCCTTCTTGTGGCTCGGAGCTTGGGGTTGAAGAGAAGAGGGGGAAAGGAAATCCG,-0.155162802,-0.0116421930000001,-0.0523774499999998,14029,11863,11101,False,MVKRSCPSCGSELGVEEKRGKGNP
UbN24withATG_ENST00000258187.9_NDRG4,UbN24withATG,ENST00000258187.9,,0,NDRG4,MAGLQELRFPEEKPLLRGQDATEL,9.613749043,5.209695729,111.9264584,234.5112189,361.2611221,3.58150188899999,0.0,34.52382219,106.1347028,165,305.658525,3.426869095,6.754455555,6.139188496,38.75012446,191.9147008,243.558469299999,3.70729054,30.87633859,7.238163788,43.13866184,221.0409331,302.2940973,3.502987301,M,A,G,L,Q,E,L,R,F,P,E,E,K,P,L,L,R,G,Q,D,A,T,E,L,ATGGCCGGGCTGCAGGAGCTGCGATTCCCTGAGGAGAAGCCGCTGCTCCGGGGCCAGGACGCCACCGAGCTG,-0.154632793999999,0.125788651,-0.0785145879999995,14020,7701,11919,False,MAGLQELRFPEEKPLLRGQDATEL
UbN24withATG_ENST00000438527.7_DDX31,UbN24withATG,ENST00000438527.7,,0,DDX31,MAAADGSLFDNPRTFSRRPPAQAS,21.1502479,9.116967526,78.11534078,136.8917163,245.2742725,3.348484381,15.78935029,13.56293015,77.51410879,95,201.8663892,3.24698697699999,2.251485185,8.594863894,36.16678283,92.24629266,139.2594246,3.568352617,18.16255211,4.825442525,45.35090091,79.53341984,147.8723154,3.259567675,M,A,A,A,D,G,S,L,F,D,N,P,R,T,F,S,R,R,P,P,A,Q,A,S,ATGGCAGCCGCCGACGGTTCGCTCTTCGACAACCCCAGGACGTTCTCCAGACGTCCCCCAGCCCAGGCGAGT,-0.101497404,0.219868235999999,-0.0889167060000004,12507,4885,12190,False,MAAADGSLFDNPRTFSRRPPAQAS
UbN24withATG_ENST00000423813.6_ARFIP2,UbN24withATG,ENST00000423813.6,,0,ARFIP2,MVSGPNLNETSIVSGGYGGSGDGL,0.0,7.814543594,97.93565112,97.61950261,203.3696973,3.44158476,7.017489019,19.72789839,101.3646038,121,249.1099912,3.350195202,13.50891111,8.594863894,34.87511201,111.3317325,168.3106195,3.449876821,32.6925938,4.825442525,60.83657439,157.0010366,255.3556473,3.339880505,M,V,S,G,P,N,L,N,E,T,S,I,V,S,G,G,Y,G,G,S,G,D,G,L,ATGGTGTCAGGACCCAACCTCAATGAAACCAGCATTGTGTCTGGTGGCTATGGGGGCTCTGGTGATGGACTC,-0.0913895579999999,0.00829206100000012,-0.101704255,12158,11362,12551,False,MVSGPNLNETSIVSGGYGGSGDGL
UbN24withATG_ENST00000538183.6_SOD2,UbN24withATG,ENST00000538183.6,,0,SOD2,MLSRAVCGTSRQLAPVLGYLGSRQ,1.922749809,2.604847865,43.13832252,122.304894099999,169.9708143,3.681614353,10.52623353,9.863949196,35.77574252,104,160.165925199999,3.456299201,22.51485185,24.55675398,47.79182016,90.12568823,184.9891142,3.111029401,5.448765634,6.031803156,47.56313998,118.783679,177.8273878,3.572770853,M,L,S,R,A,V,C,G,T,S,R,Q,L,A,P,V,L,G,Y,L,G,S,R,Q,ATGTTGAGCCGGGCAGTGTGCGGCACCAGCAGGCAGCTGGCTCCGGTTTTGGGGTATCTGGGCTCCAGGCAG,-0.225315151999999,-0.570584951999999,-0.108843499999999,15271,16415,12761,False,MLSRAVCGTSRQLAPVLGYLGSRQ
UbN24withATG_ENST00000216780.8_PCK2,UbN24withATG,ENST00000216780.8,,0,PCK2,MAALYRPGLRLNWHGLSPLGWPSC,19.22749809,118.5205778,41.97242191,15.70888548,195.4293833,2.277147141,10.52623353,75.21261262,39.35331677,12,137.0921629,2.385339921,0.0,87.17647664,56.83351587,11.66332436,155.6733169,2.514925526,1.81625521099999,127.8742269,22.12239069,1.03290155599999,152.845774399999,2.146369363,M,A,A,L,Y,R,P,G,L,R,L,N,W,H,G,L,S,P,L,G,W,P,S,C,ATGGCCGCATTGTACCGCCCTGGCCTGCGGCTTAACTGGCATGGGCTGAGCCCCTTGGGCTGGCCATCATGC,0.108192779999999,0.237778384999999,-0.130777777999999,4017,4431,13289,False,MAALYRPGLRLNWHGLSPLGWPSC
UbN24withATG_ENST00000427939.2_FBXO24,UbN24withATG,ENST00000427939.2,,0,FBXO24,MVWESQQERGGQGPRRQEGRSREG,13.45924866,6.512119662,121.253663299999,130.1593368,271.384368399999,3.356427013,0.0,9.863949196,84.66925729,136,230.5332065,3.54714916199999,20.26336666,36.83513097,78.79191973,128.2965679,264.1869853,3.19279792899999,3.632510423,26.53993389,78.53448694,74.36891206,183.0758433,3.221569141,M,V,W,E,S,Q,Q,E,R,G,G,Q,G,P,R,R,Q,E,G,R,S,R,E,G,ATGGTGTGGGAAAGCCAGCAGGAACGGGGGGGCCAAGGGCCTAGGAGACAGGAGGGCAGGAGCAGGGAGGGG,0.190722148999999,-0.163629084,-0.134857872,1828,14811,13391,False,MVWESQQERGGQGPRRQEGRSREG
UbN24withATG_ENST00000320865.3_B3GNTL1,UbN24withATG,ENST00000320865.3,,0,B3GNTL1,MSGAGVGGASEESQAMQAHVSIIL,7.690999235,143.266632599999,40.8065213,26.92951796,218.6936711,2.397700389,10.52623353,112.202422099999,40.54584152,36,199.274497199999,2.511955165,0.0,132.6064715,56.83351587,8.482417715,197.9224051,2.372865069,1.81625521099999,167.684127699999,57.51821579,2.065803113,229.0844019,2.26118568699999,M,S,G,A,G,V,G,G,A,S,E,E,S,Q,A,M,Q,A,H,V,S,I,I,L,ATGAGCGGAGCCGGCGTGGGCGGGGCGTCCGAGGAGAGCCAGGCCATGCAGGCCCACGTGTCTATTATCCTC,0.114254775999999,-0.0248353200000002,-0.136514702,3813,12189,13438,False,MSGAGVGGASEESQAMQAHVSIIL
UbN24withATG_ENST00000372517.6_ERMAP,UbN24withATG,ENST00000372517.6,,0,ERMAP,MEMASSAGSWLSGCLIPLVFLRLS,234.5754767,83.35513167,11.65900609,20.19713847,349.786752899999,1.47819009099999,242.103371199999,64.11566978,23.85049501,17,347.069535899999,1.469118269,279.1841629,72.44242425,72.33356565,11.66332436,435.623477199999,1.578709693,285.1520682,32.57173704,40.92642277,2.065803113,360.7160311,1.334395983,M,E,M,A,S,S,A,G,S,W,L,S,G,C,L,I,P,L,V,F,L,R,L,S,ATGGAGATGGCGAGTTCTGCTGGCTCCTGGCTCTCTGGCTGCCTCATCCCTCTCGTCTTCCTCCGGCTGTCT,-0.00907182199999989,0.100519602,-0.143794107999999,8825,8483,13600,False,MEMASSAGSWLSGCLIPLVFLRLS
UbN24withATG_ENST00000352241.8_MITF,UbN24withATG,ENST00000352241.8,,0,MITF,MQSESGIVPDFEVGEEFHEEPKTY,1.922749809,3.907271797,20.98621096,135.7696531,162.585885599999,3.787380043,0.0,6.16496824799999,19.08039601,159,184.2453643,3.829519008,13.50891111,27.01242938,21.95840386,133.598079,196.0778234,3.405797178,14.53004169,8.444524419,46.45702044,207.6132128,277.0447994,3.614011183,M,Q,S,E,S,G,I,V,P,D,F,E,V,G,E,E,F,H,E,E,P,K,T,Y,ATGCAGTCCGAATCGGGGATCGTGCCGGATTTCGAAGTCGGGGAGGAGTTTCATGAAGAGCCCAAAACCTAT,0.0421389649999999,-0.381582864999999,-0.17336886,6509,16171,14222,False,MQSESGIVPDFEVGEEFHEEPKTY
UbN24withATG_ENST00000445086.6_ARFIP2,UbN24withATG,ENST00000445086.6,,0,ARFIP2,MKPALCLVAMGALVMDSSPQCTKQ,232.652726899999,138.0569368,44.30422313,43.76046669,458.7743535,1.780224048,282.453933,145.4932506,48.89351477,9,485.8406984,1.556314613,256.6693111,176.808628699999,73.62523647,28.62815979,535.731336,1.765203664,245.1944535,102.5406537,50.88149858,15.49352335,414.1101291,1.605597891,M,K,P,A,L,C,L,V,A,M,G,A,L,V,M,D,S,S,P,Q,C,T,K,Q,ATGAAACCAGCATTGTGTCTGGTGGCTATGGGGGCTCTGGTGATGGACTCATCCCCACAGTGCACAAAGCAA,-0.223909435,-0.0150203840000002,-0.174626157,15249,11957,14252,False,MKPALCLVAMGALVMDSSPQCTKQ
UbN24withATG_ENST00000373693.3_CXCR3,UbN24withATG,ENST00000373693.3,,0,CXCR3,MVLEVSDHQVLNDAEVAALLENFS,7.690999235,169.3151112,54.7973285999999,15.70888548,247.5123245,2.317253294,3.50874450899999,200.9779649,73.93653454,30,308.4232439,2.422885734,29.2693073999999,283.6305085,50.37516179,30.74876422,394.0237419,2.209640623,25.42757296,312.4474035,54.19985719,13.42772023,405.5025539,2.137182181,M,V,L,E,V,S,D,H,Q,V,L,N,D,A,E,V,A,A,L,L,E,N,F,S,ATGGTCCTTGAGGTGAGTGACCACCAAGTGCTAAATGACGCCGAGGTTGCCGCCCTCCTGGAGAACTTCAGC,0.105632439999999,-0.107612670999999,-0.180071112999999,4100,13967,14355,False,MVLEVSDHQVLNDAEVAALLENFS
UbN24withATG_ENST00000326974.8_KLHDC3,UbN24withATG,ENST00000326974.8,,0,KLHDC3,MLRWTVHLEGGPRRVNHAAVAVGH,1.922749809,70.33089235,179.5486937,22.44126497,274.243600799999,2.811353385,5.26311676399999,75.21261262,158.6057918,14,253.081521199999,2.716538585,0.0,58.93620956,169.2088768,33.92967086,262.074757199999,2.904582422,0.0,102.5406537,97.33851903,20.65803113,220.5372038,2.628712883,M,L,R,W,T,V,H,L,E,G,G,P,R,R,V,N,H,A,A,V,A,V,G,H,ATGTTACGGTGGACAGTGCACCTGGAGGGCGGGCCCCGCAGGGTGAACCATGCTGCAGTGGCTGTCGGGCAT,-0.0948147999999999,0.0932290369999999,-0.182640501999999,12273,8716,14399,False,MLRWTVHLEGGPRRVNHAAVAVGH
UbN24withATG_ENST00000545383.5_MOV10L1,UbN24withATG,ENST00000545383.5,,0,MOV10L1,MLSLAAKLVAFFWRTADTPREEAG,0.0,15.62908719,74.61763895,39.27221369,129.5189398,3.182545707,3.50874450899999,20.96089204,59.62623753,57,141.0958741,3.205687226,24.76633703,12.27837699,71.04189484,59.37692401,167.4635329,2.985464734,16.3462969,19.3017701,77.42836741,49.57927471,162.6557091,2.98515214,M,L,S,L,A,A,K,L,V,A,F,F,W,R,T,A,D,T,P,R,E,E,A,G,ATGCTGAGCCTCGCAGCCAAGCTGGTGGCCTTCTTCTGGAGGACGGCGGACACCCCTAGGGAGGAAGCCGGG,0.0231415190000001,-0.197080973,-0.197393567,7390,15191,14642,False,MLSLAAKLVAFFWRTADTPREEAG
UbN24withATG_ENST00000394282.8_NDRG4,UbN24withATG,ENST00000394282.8,,0,NDRG4,MKVLGHRLELLTGLLLHDVTMAGL,19.22749809,139.3593608,29.14751522,13.46475898,201.199133,2.183149572,38.5961896,191.114015699999,41.73836627,4,275.4485716,2.040451024,6.754455555,82.26512584,32.29177038,3.180906643,124.4922584,2.256233829,81.73148451,172.5095703,32.0774665,6.197409338,292.5159306,1.872625059,M,K,V,L,G,H,R,L,E,L,L,T,G,L,L,L,H,D,V,T,M,A,G,L,ATGAAGGTGCTGGGACACCGGCTGGAGCTGCTCACAGGCCTCCTGCTCCACGACGTGACCATGGCCGGGCTG,-0.142698547999999,0.0730842570000001,-0.310524513,13747,9404,15793,False,MKVLGHRLELLTGLLLHDVTMAGL
UbN24withATG_ENST00000567744.5_INTS14,UbN24withATG,ENST00000567744.5,,0,INTS14,MKLYLRTGEGLPEADGKAKEQLSV,0.0,52.09695729,80.44714199,25.80745471,158.351554,2.83398014199999,5.26311676399999,25.89286664,114.4823761,20,165.6383595,2.900873806,18.01188148,31.92378018,105.9170068,33.92967086,189.7823394,2.820753225,0.0,71.17527725,53.09373765,7.230310895,131.499325799999,2.513723998,M,K,L,Y,L,R,T,G,E,G,L,P,E,A,D,G,K,A,K,E,Q,L,S,V,ATGAAATTATATCTGAGAACTGGGGAGGGACTCCCGGAGGCTGACGGGAAAGCCAAAGAGCAGCTGTCTGTT,0.0668936640000006,-0.0132269169999998,-0.320256143999999,5497,11896,15865,False,MKLYLRTGEGLPEADGKAKEQLSV
UbN24withATG_ENST00000566192.5_NDRG4,UbN24withATG,ENST00000566192.5,,0,NDRG4,MPECWDGEHDIETPYGLLHVVIRG,38.45499617,54.70180516,18.65440974,11.22063248,123.0318436,2.021463374,61.40302892,61.64968248,10.73272276,7,140.7854341,1.739530539,87.80792221,122.7837699,24.54174549,11.66332436,246.796762,1.83816834699999,139.8516513,123.0487844,12.16731488,5.164507782,280.2322583,1.581221229,M,P,E,C,W,D,G,E,H,D,I,E,T,P,Y,G,L,L,H,V,V,I,R,G,ATGCCGGAGTGCTGGGATGGGGAACATGACATCGAGACACCCTACGGCCTTCTGCATGTAGTGATCCGGGGC,-0.281932835,-0.183295027,-0.440242145,15849,15028,16299,False,MPECWDGEHDIETPYGLLHVVIRG
