position,amino_acid,count,frequency
1,M,91,1.0
2,P,18,0.1978021978021978
2,G,15,0.16483516483516483
2,E,8,0.08791208791208792
2,Q,4,0.04395604395604396
2,S,7,0.07692307692307693
2,A,8,0.08791208791208792
2,T,7,0.07692307692307693
2,D,5,0.054945054945054944
2,V,5,0.054945054945054944
2,L,6,0.06593406593406594
2,K,4,0.04395604395604396
2,N,1,0.01098901098901099
2,W,1,0.01098901098901099
2,C,1,0.01098901098901099
2,R,1,0.01098901098901099
3,D,12,0.13186813186813187
3,T,8,0.08791208791208792
3,E,12,0.13186813186813187
3,L,10,0.10989010989010989
3,P,9,0.0989010989010989
3,N,2,0.02197802197802198
3,V,3,0.03296703296703297
3,K,3,0.03296703296703297
3,S,11,0.12087912087912088
3,A,5,0.054945054945054944
3,R,5,0.054945054945054944
3,W,2,0.02197802197802198
3,Y,1,0.01098901098901099
3,Q,1,0.01098901098901099
3,F,2,0.02197802197802198
3,M,2,0.02197802197802198
3,C,1,0.01098901098901099
3,G,2,0.02197802197802198
4,L,11,0.12087912087912088
4,V,8,0.08791208791208792
4,I,5,0.054945054945054944
4,R,11,0.12087912087912088
4,K,5,0.054945054945054944
4,Y,7,0.07692307692307693
4,A,9,0.0989010989010989
4,W,2,0.02197802197802198
4,S,6,0.06593406593406594
4,Q,2,0.02197802197802198
4,F,2,0.02197802197802198
4,D,4,0.04395604395604396
4,T,3,0.03296703296703297
4,H,3,0.03296703296703297
4,G,2,0.02197802197802198
4,P,1,0.01098901098901099
4,E,7,0.07692307692307693
4,C,3,0.03296703296703297
5,R,5,0.054945054945054944
5,S,13,0.14285714285714285
5,E,4,0.04395604395604396
5,K,8,0.08791208791208792
5,T,4,0.04395604395604396
5,D,6,0.06593406593406594
5,A,10,0.10989010989010989
5,F,1,0.01098901098901099
5,L,7,0.07692307692307693
5,G,6,0.06593406593406594
5,W,3,0.03296703296703297
5,V,3,0.03296703296703297
5,C,4,0.04395604395604396
5,I,6,0.06593406593406594
5,H,1,0.01098901098901099
5,Q,5,0.054945054945054944
5,P,4,0.04395604395604396
5,Y,1,0.01098901098901099
6,R,6,0.06593406593406594
6,V,12,0.13186813186813187
6,Q,5,0.054945054945054944
6,Y,1,0.01098901098901099
6,L,9,0.0989010989010989
6,T,3,0.03296703296703297
6,K,7,0.07692307692307693
6,F,6,0.06593406593406594
6,C,4,0.04395604395604396
6,H,3,0.03296703296703297
6,G,11,0.12087912087912088
6,P,2,0.02197802197802198
6,D,4,0.04395604395604396
6,I,1,0.01098901098901099
6,A,5,0.054945054945054944
6,S,4,0.04395604395604396
6,W,2,0.02197802197802198
6,E,3,0.03296703296703297
6,N,3,0.03296703296703297
7,K,5,0.054945054945054944
7,R,14,0.15384615384615385
7,G,8,0.08791208791208792
7,V,5,0.054945054945054944
7,H,2,0.02197802197802198
7,Q,4,0.04395604395604396
7,P,8,0.08791208791208792
7,S,8,0.08791208791208792
7,T,5,0.054945054945054944
7,A,2,0.02197802197802198
7,N,1,0.01098901098901099
7,F,2,0.02197802197802198
7,L,15,0.16483516483516483
7,E,2,0.02197802197802198
7,I,2,0.02197802197802198
7,C,4,0.04395604395604396
7,M,3,0.03296703296703297
7,D,1,0.01098901098901099
8,K,4,0.04395604395604396
8,R,14,0.15384615384615385
8,P,6,0.06593406593406594
8,A,3,0.03296703296703297
8,F,3,0.03296703296703297
8,L,14,0.15384615384615385
8,V,10,0.10989010989010989
8,S,8,0.08791208791208792
8,Y,2,0.02197802197802198
8,M,2,0.02197802197802198
8,T,2,0.02197802197802198
8,G,9,0.0989010989010989
8,Q,1,0.01098901098901099
8,D,3,0.03296703296703297
8,H,2,0.02197802197802198
8,I,1,0.01098901098901099
8,C,1,0.01098901098901099
8,N,2,0.02197802197802198
8,E,3,0.03296703296703297
8,W,1,0.01098901098901099
9,P,2,0.02197802197802198
9,D,2,0.02197802197802198
9,T,5,0.054945054945054944
9,G,5,0.054945054945054944
9,S,7,0.07692307692307693
9,L,17,0.18681318681318682
9,V,9,0.0989010989010989
9,A,8,0.08791208791208792
9,I,2,0.02197802197802198
9,R,6,0.06593406593406594
9,Q,4,0.04395604395604396
9,C,3,0.03296703296703297
9,H,4,0.04395604395604396
9,E,6,0.06593406593406594
9,Y,2,0.02197802197802198
9,M,2,0.02197802197802198
9,K,3,0.03296703296703297
9,W,1,0.01098901098901099
9,N,1,0.01098901098901099
9,F,2,0.02197802197802198
10,L,6,0.06593406593406594
10,P,6,0.06593406593406594
10,R,8,0.08791208791208792
10,S,11,0.12087912087912088
10,F,6,0.06593406593406594
10,V,5,0.054945054945054944
10,W,3,0.03296703296703297
10,D,6,0.06593406593406594
10,T,5,0.054945054945054944
10,G,9,0.0989010989010989
10,I,2,0.02197802197802198
10,H,2,0.02197802197802198
10,E,5,0.054945054945054944
10,C,2,0.02197802197802198
10,A,6,0.06593406593406594
10,K,3,0.03296703296703297
10,N,1,0.01098901098901099
10,Q,3,0.03296703296703297
10,Y,1,0.01098901098901099
10,M,1,0.01098901098901099
11,P,4,0.04395604395604396
11,L,12,0.13186813186813187
11,G,10,0.10989010989010989
11,A,7,0.07692307692307693
11,H,1,0.01098901098901099
11,V,9,0.0989010989010989
11,C,2,0.02197802197802198
11,D,3,0.03296703296703297
11,R,7,0.07692307692307693
11,F,6,0.06593406593406594
11,K,3,0.03296703296703297
11,M,2,0.02197802197802198
11,Y,1,0.01098901098901099
11,E,7,0.07692307692307693
11,T,3,0.03296703296703297
11,S,7,0.07692307692307693
11,I,2,0.02197802197802198
11,Q,1,0.01098901098901099
11,N,4,0.04395604395604396
12,L,4,0.04395604395604396
12,F,6,0.06593406593406594
12,S,12,0.13186813186813187
12,A,7,0.07692307692307693
12,P,8,0.08791208791208792
12,I,3,0.03296703296703297
12,Q,8,0.08791208791208792
12,H,2,0.02197802197802198
12,E,11,0.12087912087912088
12,R,4,0.04395604395604396
12,G,8,0.08791208791208792
12,K,2,0.02197802197802198
12,M,4,0.04395604395604396
12,C,1,0.01098901098901099
12,Y,1,0.01098901098901099
12,T,3,0.03296703296703297
12,V,2,0.02197802197802198
12,W,1,0.01098901098901099
12,N,3,0.03296703296703297
12,D,1,0.01098901098901099
13,V,7,0.07692307692307693
13,Q,3,0.03296703296703297
13,R,13,0.14285714285714285
13,G,13,0.14285714285714285
13,S,8,0.08791208791208792
13,H,1,0.01098901098901099
13,A,3,0.03296703296703297
13,T,8,0.08791208791208792
13,K,3,0.03296703296703297
13,C,1,0.01098901098901099
13,L,9,0.0989010989010989
13,P,4,0.04395604395604396
13,D,3,0.03296703296703297
13,F,2,0.02197802197802198
13,E,7,0.07692307692307693
13,N,1,0.01098901098901099
13,I,1,0.01098901098901099
13,M,2,0.02197802197802198
13,W,2,0.02197802197802198
14,S,8,0.08791208791208792
14,A,9,0.0989010989010989
14,L,8,0.08791208791208792
14,T,10,0.10989010989010989
14,H,3,0.03296703296703297
14,K,2,0.02197802197802198
14,D,5,0.054945054945054944
14,F,6,0.06593406593406594
14,V,9,0.0989010989010989
14,E,5,0.054945054945054944
14,G,7,0.07692307692307693
14,N,2,0.02197802197802198
14,Q,4,0.04395604395604396
14,W,1,0.01098901098901099
14,I,2,0.02197802197802198
14,C,2,0.02197802197802198
14,M,2,0.02197802197802198
14,R,3,0.03296703296703297
14,P,3,0.03296703296703297
15,D,5,0.054945054945054944
15,L,9,0.0989010989010989
15,G,21,0.23076923076923078
15,V,4,0.04395604395604396
15,A,7,0.07692307692307693
15,T,6,0.06593406593406594
15,P,8,0.08791208791208792
15,K,2,0.02197802197802198
15,S,8,0.08791208791208792
15,R,4,0.04395604395604396
15,H,1,0.01098901098901099
15,W,1,0.01098901098901099
15,Q,3,0.03296703296703297
15,F,3,0.03296703296703297
15,N,2,0.02197802197802198
15,E,3,0.03296703296703297
15,Y,3,0.03296703296703297
15,M,1,0.01098901098901099
16,L,10,0.10989010989010989
16,G,11,0.12087912087912088
16,A,7,0.07692307692307693
16,I,5,0.054945054945054944
16,D,2,0.02197802197802198
16,S,7,0.07692307692307693
16,P,3,0.03296703296703297
16,R,8,0.08791208791208792
16,M,4,0.04395604395604396
16,E,7,0.07692307692307693
16,T,2,0.02197802197802198
16,V,6,0.06593406593406594
16,Q,6,0.06593406593406594
16,F,2,0.02197802197802198
16,K,5,0.054945054945054944
16,W,1,0.01098901098901099
16,N,2,0.02197802197802198
16,Y,1,0.01098901098901099
16,H,2,0.02197802197802198
17,V,7,0.07692307692307693
17,R,10,0.10989010989010989
17,P,4,0.04395604395604396
17,G,11,0.12087912087912088
17,L,6,0.06593406593406594
17,D,5,0.054945054945054944
17,C,3,0.03296703296703297
17,S,7,0.07692307692307693
17,F,2,0.02197802197802198
17,H,6,0.06593406593406594
17,E,4,0.04395604395604396
17,T,6,0.06593406593406594
17,Y,2,0.02197802197802198
17,A,8,0.08791208791208792
17,N,1,0.01098901098901099
17,I,2,0.02197802197802198
17,W,1,0.01098901098901099
17,Q,4,0.04395604395604396
17,M,1,0.01098901098901099
17,K,1,0.01098901098901099
18,K,6,0.06593406593406594
18,T,8,0.08791208791208792
18,E,4,0.04395604395604396
18,G,12,0.13186813186813187
18,S,13,0.14285714285714285
18,Q,4,0.04395604395604396
18,M,2,0.02197802197802198
18,C,3,0.03296703296703297
18,N,4,0.04395604395604396
18,A,9,0.0989010989010989
18,L,7,0.07692307692307693
18,P,2,0.02197802197802198
18,V,3,0.03296703296703297
18,R,6,0.06593406593406594
18,W,1,0.01098901098901099
18,F,2,0.02197802197802198
18,I,1,0.01098901098901099
18,H,3,0.03296703296703297
18,D,1,0.01098901098901099
19,S,11,0.12087912087912088
19,Y,4,0.04395604395604396
19,N,3,0.03296703296703297
19,A,8,0.08791208791208792
19,L,7,0.07692307692307693
19,V,7,0.07692307692307693
19,Q,6,0.06593406593406594
19,P,7,0.07692307692307693
19,E,3,0.03296703296703297
19,G,10,0.10989010989010989
19,R,3,0.03296703296703297
19,W,1,0.01098901098901099
19,F,2,0.02197802197802198
19,D,3,0.03296703296703297
19,T,7,0.07692307692307693
19,K,2,0.02197802197802198
19,I,4,0.04395604395604396
19,H,3,0.03296703296703297
20,L,9,0.0989010989010989
20,T,7,0.07692307692307693
20,S,8,0.08791208791208792
20,A,6,0.06593406593406594
20,G,13,0.14285714285714285
20,D,3,0.03296703296703297
20,V,11,0.12087912087912088
20,K,4,0.04395604395604396
20,C,4,0.04395604395604396
20,R,5,0.054945054945054944
20,Q,3,0.03296703296703297
20,E,8,0.08791208791208792
20,P,6,0.06593406593406594
20,N,2,0.02197802197802198
20,F,2,0.02197802197802198
21,V,5,0.054945054945054944
21,D,5,0.054945054945054944
21,G,12,0.13186813186813187
21,Q,5,0.054945054945054944
21,R,12,0.13186813186813187
21,P,6,0.06593406593406594
21,C,3,0.03296703296703297
21,M,3,0.03296703296703297
21,K,3,0.03296703296703297
21,N,2,0.02197802197802198
21,L,9,0.0989010989010989
21,A,6,0.06593406593406594
21,H,3,0.03296703296703297
21,E,7,0.07692307692307693
21,S,8,0.08791208791208792
21,T,1,0.01098901098901099
21,W,1,0.01098901098901099
22,Q,6,0.06593406593406594
22,E,5,0.054945054945054944
22,I,7,0.07692307692307693
22,S,7,0.07692307692307693
22,T,9,0.0989010989010989
22,A,7,0.07692307692307693
22,G,7,0.07692307692307693
22,D,8,0.08791208791208792
22,R,6,0.06593406593406594
22,H,3,0.03296703296703297
22,K,7,0.07692307692307693
22,N,5,0.054945054945054944
22,V,5,0.054945054945054944
22,F,1,0.01098901098901099
22,L,5,0.054945054945054944
22,Y,1,0.01098901098901099
22,W,1,0.01098901098901099
22,P,1,0.01098901098901099
23,S,9,0.0989010989010989
23,E,8,0.08791208791208792
23,K,6,0.06593406593406594
23,C,1,0.01098901098901099
23,R,9,0.0989010989010989
23,L,6,0.06593406593406594
23,M,5,0.054945054945054944
23,G,7,0.07692307692307693
23,I,7,0.07692307692307693
23,F,4,0.04395604395604396
23,P,4,0.04395604395604396
23,V,7,0.07692307692307693
23,T,6,0.06593406593406594
23,A,5,0.054945054945054944
23,Y,1,0.01098901098901099
23,H,3,0.03296703296703297
23,D,1,0.01098901098901099
23,N,2,0.02197802197802198
24,R,3,0.03296703296703297
24,F,4,0.04395604395604396
24,T,4,0.04395604395604396
24,S,7,0.07692307692307693
24,D,2,0.02197802197802198
24,V,7,0.07692307692307693
24,Q,8,0.08791208791208792
24,Y,4,0.04395604395604396
24,E,8,0.08791208791208792
24,G,5,0.054945054945054944
24,P,4,0.04395604395604396
24,L,15,0.16483516483516483
24,H,3,0.03296703296703297
24,A,4,0.04395604395604396
24,M,3,0.03296703296703297
24,I,4,0.04395604395604396
24,K,2,0.02197802197802198
24,N,2,0.02197802197802198
24,W,1,0.01098901098901099
24,C,1,0.01098901098901099
