amino_acid,hits_count,screen_count,hits_frequency,screen_frequency,enrichment_ratio,log2_enrichment,p_value,odds_ratio
G,214,28902,0.10224558050645007,0.07609353855226922,1.3432317549635837,0.42570824213784775,1.6753094434817673e-05,1.3828249831724753
H,51,7418,0.024366937410415672,0.019530200988884267,1.2463926082198669,0.3177585825781992,0.11301945912067785,1.2538394972759963
R,163,23993,0.0778786430960344,0.06316906340338369,1.2324924520988567,0.3015788114284265,0.007814243935629413,1.252526956804543
T,122,18291,0.05828953655040611,0.048156768170353484,1.2099761083104958,0.27497856091948675,0.0357055484371635,1.2234361225024348
V,149,23660,0.07118967988533206,0.06229233693677565,1.1426031366251341,0.1923243954644963,0.0935181029297494,1.1537795814505216
S,195,32209,0.09316770186335403,0.08480024853747281,1.0985562877614903,0.1356087923774054,0.1686942396065565,1.1088100960464977
Q,90,15948,0.04300047778308648,0.04198808915755275,1.024054041079032,0.03429185082572531,0.7847927151229797,1.0251947135729813
D,90,15963,0.04300047778308648,0.04202758134073329,1.0230940493470129,0.03293877293255593,0.826939921647371,1.024189143835459
M,39,6937,0.018633540372670808,0.01826381831489487,1.0201331798995232,0.028757510469411364,0.8698416000294151,1.020627783870385
E,137,24382,0.0654562828475872,0.06419322735386576,1.0196452339648414,0.028067281384888922,0.7885640264202991,1.021053950591128
K,90,17069,0.04300047778308648,0.04493947164724529,0.9569490095411144,-0.06348604127536205,0.7111688725748759,0.9549145143963123
P,120,23922,0.05733397037744864,0.06298213373632912,0.9104633431949419,-0.13532716187577012,0.32057224816380525,0.9048668181727462
F,66,13255,0.03153368370759675,0.03489792587053936,0.9038730987834177,-0.14580785831679266,0.43738623733516546,0.9004587447058077
I,57,12103,0.027233635929288104,0.0318649262022737,0.8551133750887193,-0.22581238268460457,0.26061307262010025,0.8505896993828512
N,46,9794,0.02197802197802198,0.025785762804682193,0.8529021201580557,-0.22954790887135312,0.299313459852896,0.8490132688438002
C,44,9488,0.0210224558050645,0.024980122267799127,0.8421990762056231,-0.24776680184805586,0.2911639160834558,0.8381652054183466
Y,33,7240,0.015766841853798376,0.01906156041514183,0.8280558320949737,-0.27220004942005477,0.29736797878510657,0.8243848897709596
L,211,47171,0.10081223124701386,0.12419238485395791,0.8118939174397896,-0.3006368585872161,0.000989602350494328,0.7906360022214156
A,149,35443,0.07118967988533206,0.09331476323119778,0.7631521765879016,-0.38995732810528827,0.0003873751786492986,0.7447254468398747
W,27,6634,0.012900143334925944,0.017466076214647915,0.7400709854648956,-0.4342644383801403,0.13073388351110257,0.7351664005514728
