position,amino_acid,count_hits,frequency_hits,count_screen,frequency_screen,enrichment_ratio,log2_enrichment,log2_enrichment_capped
2,*,0,0.0,0,0.0,1.0,0.0,0.0
2,A,8,0.08791208791208792,3431,0.20776311008840984,0.4234136969982504,-1.239860155084066,-1.239860155084066
2,C,1,0.01098901098901099,209,0.012655928303257841,0.8693221477404256,-0.20203719423104274,-0.20203719423104274
2,D,5,0.054945054945054944,952,0.057648056194743856,0.9531932080869774,-0.06915942314741347,-0.06915942314741347
2,E,8,0.08791208791208792,1406,0.08513988131282549,1.0325224127083026,0.04617309820857325,0.04617309820857325
2,F,0,0.0,336,0.020346372774615477,0.004890843041077278,-7.675701118799093,-5.0
2,G,15,0.16483516483516483,1248,0.07557224173428606,2.179599296322088,1.1240629302568457,1.1240629302568457
2,H,0,0.0,226,0.013685357878163983,0.007254073552809251,-7.106992911047419,-5.0
2,I,0,0.0,309,0.01871139639094102,0.0053159264693479575,-7.555463135473268,-5.0
2,K,4,0.04395604395604396,820,0.04965483831900206,0.8854625086625666,-0.17549687171780282,-0.17549687171780282
2,L,6,0.06593406593406594,1041,0.06303742279278188,1.0458783873835156,0.06471510768543126,0.06471510768543126
2,M,0,0.0,301,0.018226958943926366,0.005456442626731613,-7.517823604103275,-5.0
2,N,1,0.01098901098901099,524,0.03173065277945985,0.3483752301858751,-1.5212860443098797,-1.5212860443098797
2,P,18,0.1978021978021978,852,0.051592588107060675,3.828444367929923,1.9367582933040457,1.9367582933040457
2,Q,4,0.04395604395604396,445,0.026946832990190142,1.628879949531357,0.703880279371105,0.703880279371105
2,R,1,0.01098901098901099,806,0.04880707278672641,0.22673634624112268,-2.1409124186795836,-2.1409124186795836
2,S,7,0.07692307692307693,1653,0.10009688748940293,0.7687172611147535,-0.3794750311522348,-0.3794750311522348
2,T,7,0.07692307692307693,771,0.046687658956037305,1.646226347752288,0.7191627126302418,0.7191627126302418
2,V,5,0.054945054945054944,769,0.046566549594283635,1.1795398507842034,0.2382241608898313,0.2382241608898313
2,W,1,0.01098901098901099,254,0.015380888942715273,0.7163032452493022,-0.4813576166170838,-0.4813576166170838
2,Y,0,0.0,161,0.009749303621169917,0.010153002064538025,-6.621949819679686,-5.0
3,*,0,0.0,0,0.0,1.0,0.0,0.0
3,A,5,0.054945054945054944,1760,0.10657623834322393,0.5160010870270005,-0.9545539900008269,-0.9545539900008269
3,C,1,0.01098901098901099,351,0.021254692987767953,0.51927747195255,-0.9454224571900037,-0.9454224571900037
3,D,12,0.13186813186813187,750,0.04541601065762384,2.8993782618782182,1.5357435641465949,1.5357435641465949
3,E,12,0.13186813186813187,1096,0.06636793024100764,1.9854406687499595,0.9894592492133539,0.9894592492133539
3,F,2,0.02197802197802198,469,0.028400145331234104,0.7746634875516252,-0.368358352593494,-0.368358352593494
3,G,2,0.02197802197802198,1189,0.07199951556255299,0.3062159545145245,-1.7073786425547461,-1.7073786425547461
3,H,0,0.0,346,0.020951919583383796,0.0047501606494321615,-7.717807978751158,-5.0
3,I,0,0.0,383,0.02319244277582657,0.004293237981195441,-7.863718138716667,-5.0
3,K,3,0.03296703296703297,768,0.046505994913406803,0.7095017074192063,-0.49512193874493576,-0.49512193874493576
3,L,10,0.10989010989010989,1690,0.10233741068184571,1.0737298918236196,0.10263111367993497,0.10263111367993497
3,M,2,0.02197802197802198,310,0.018771951071817852,1.1698855033061137,0.2263673401544285,0.2263673401544285
3,N,2,0.02197802197802198,426,0.025796294053530337,0.8525552703558436,-0.23013472915694594,-0.23013472915694594
3,P,9,0.0989010989010989,1151,0.06969843768923338,1.4183855997162256,0.504249794336091,0.504249794336091
3,Q,1,0.01098901098901099,690,0.04178272980501393,0.2647633294352147,-1.9172247767660615,-1.9172247767660615
3,R,5,0.054945054945054944,1213,0.07345282790359695,0.7483744203173334,-0.41816784725470146,-0.41816784725470146
3,S,11,0.12087912087912088,1651,0.09997577812764927,1.208875145840074,0.27366524890557653,0.27366524890557653
3,T,8,0.08791208791208792,939,0.05686084534334504,1.5451331064624152,0.6277311253540118,0.6277311253540118
3,V,3,0.03296703296703297,853,0.051653142787937506,0.6389376796405909,-0.6462528736651467,-0.6462528736651467
3,W,2,0.02197802197802198,250,0.015138670219207945,1.4488155239551814,0.534873909858178,0.534873909858178
3,Y,1,0.01098901098901099,229,0.013867021920794477,0.7939424060401432,-0.33289373932512795,-0.33289373932512795
4,*,0,0.0,0,0.0,1.0,0.0,0.0
4,A,9,0.0989010989010989,1553,0.09404141940171976,1.0516210561755177,0.07261493384672306,0.07261493384672306
4,C,3,0.03296703296703297,374,0.022647450647935087,1.4536588507791597,0.5396887327808254,0.5396887327808254
4,D,4,0.04395604395604396,584,0.03536393363206976,1.2422774194514177,0.3129873852931518,0.3129873852931518
4,E,7,0.07692307692307693,1052,0.06370352428242704,1.2071915742793986,0.27165464157055014,0.27165464157055014
4,F,2,0.02197802197802198,556,0.03366840256751847,0.6538071184705264,-0.6130630100333003,-0.6130630100333003
4,G,2,0.02197802197802198,1104,0.06685236768802229,0.3297571503505128,-1.6005241521250757,-1.6005241521250757
4,H,3,0.03296703296703297,316,0.01913527915707884,1.7190825616307137,0.7816388341672831,0.7816388341672831
4,I,5,0.054945054945054944,483,0.02924791086350975,1.8756038615851258,0.9073551544656642,0.9073551544656642
4,K,5,0.054945054945054944,840,0.0508659319365387,1.0800362684154476,0.1110797599670343,0.1110797599670343
4,L,11,0.12087912087912088,1877,0.11366113600581325,1.0634486005215242,0.08875030545213188,0.08875030545213188
4,M,0,0.0,326,0.01974082596584716,0.005040112753981824,-7.63232827558157,-5.0
4,N,0,0.0,491,0.029732348310524404,0.0033520659841827305,-8.220733736425462,-5.0
4,P,1,0.01098901098901099,1212,0.07339227322272011,0.15088675996462203,-2.728461877302487,-2.728461877302487
4,Q,2,0.02197802197802198,692,0.04190383916676759,0.5256191437731618,-0.9279102733297757,-0.9279102733297757
4,R,11,0.12087912087912088,1167,0.07066731258326268,1.709533914217535,0.7736030436476617,0.7736030436476617
4,S,6,0.06593406593406594,1502,0.09095313067700134,0.7252256505963848,-0.4634981420422498,-0.4634981420422498
4,T,3,0.03296703296703297,866,0.05244035363933632,0.62936449179657,-0.6680323095685952,-0.6680323095685952
4,V,8,0.08791208791208792,953,0.05770861087562069,1.52247366921603,0.60641727731391,0.60641727731391
4,W,2,0.02197802197802198,281,0.01701586532638973,1.2899156167103896,0.3672766909699859,0.3672766909699859
4,Y,7,0.07692307692307693,285,0.01725808404989706,4.437302913251749,2.1496830423466533,2.1496830423466533
5,*,0,0.0,0,0.0,1.0,0.0,0.0
5,A,10,0.10989010989010989,1371,0.08302046748213637,1.3232614447668758,0.40409813176384307,0.40409813176384307
5,C,4,0.04395604395604396,376,0.02276856000968875,1.9264896406847956,0.9459744282124356,0.9459744282124356
5,D,6,0.06593406593406594,619,0.03748334746275887,1.7570033110940615,0.813116910125163,0.813116910125163
5,E,4,0.04395604395604396,970,0.05873804045052682,0.7487680354189887,-0.417409246673861,-0.417409246673861
5,F,1,0.01098901098901099,523,0.03167009809858302,0.34903924295737604,-1.5185388451653536,-1.5185388451653536
5,G,6,0.06593406593406594,1371,0.08302046748213637,0.7944380961074056,-0.3319932880489938,-0.3319932880489938
5,H,1,0.01098901098901099,303,0.01834806830568003,0.6010933397073753,-0.7343390602285533,-0.7343390602285533
5,I,6,0.06593406593406594,526,0.03185176214121352,2.0666799421647792,1.0473149820850236,1.0473149820850236
5,K,8,0.08791208791208792,875,0.052985345767227805,1.6579356626593191,0.7293880231404928,0.7293880231404928
5,L,7,0.07692307692307693,1828,0.11069395664284849,0.6951920416685344,-0.524516528142208,-0.524516528142208
5,M,0,0.0,342,0.02070970085987647,0.004805451105393431,-7.7011124162091145,-5.0
5,N,0,0.0,424,0.025675184691776674,0.0038797006188632296,-8.009838955019152,-5.0
5,P,4,0.04395604395604396,987,0.059767470025432964,0.7358928636424426,-0.44243235080959453,-0.44243235080959453
5,Q,5,0.054945054945054944,724,0.043841588954826205,1.2526869477033151,0.32502592349887244,0.32502592349887244
5,R,5,0.054945054945054944,1264,0.07654111662831536,0.7182183319693222,-0.4775056177359432,-0.4775056177359432
5,S,13,0.14285714285714285,1467,0.08883371684631222,1.6074571931384511,0.6847803188476747,0.6847803188476747
5,T,4,0.04395604395604396,826,0.05001816640426305,0.8790434111391704,-0.18599368095358343,-0.18599368095358343
5,V,3,0.03296703296703297,1074,0.06503572726171733,0.5076635259504915,-0.9780554842597071,-0.9780554842597071
5,W,3,0.03296703296703297,316,0.01913527915707884,1.7190825616307137,0.7816388341672831,0.7816388341672831
5,Y,1,0.01098901098901099,328,0.019861935327600822,0.5555078105918175,-0.8481208984433578,-0.8481208984433578
6,*,0,0.0,0,0.0,1.0,0.0,0.0
6,A,5,0.054945054945054944,1488,0.09010536514472568,0.6102193018867619,-0.7126002802675884,-0.7126002802675884
6,C,4,0.04395604395604396,407,0.024645755116870532,1.780347528211356,0.8321588862977823,0.8321588862977823
6,D,4,0.04395604395604396,683,0.04135884703887611,1.0626451795616132,0.0876599570388681,0.0876599570388681
6,E,3,0.03296703296703297,1036,0.06273464938839772,0.5262547541665559,-0.9261667333942526,-0.9261667333942526
6,F,6,0.06593406593406594,524,0.03173065277945985,2.074543252115689,1.0527937362465958,1.0527937362465958
6,G,11,0.12087912087912088,1273,0.07708610875620686,1.56736908789164,0.6483449491602098,0.6483449491602098
6,H,3,0.03296703296703297,291,0.017621412135158047,1.86593668240638,0.8999000314586035,0.8999000314586035
6,I,1,0.01098901098901099,512,0.03100399660893787,0.3565140238545587,-1.4879692671733338,-1.4879692671733338
6,K,7,0.07692307692307693,837,0.0506842678939082,1.5166719954294385,0.60090911344696,0.60090911344696
6,L,9,0.0989010989010989,1924,0.11650720600702434,0.8490135583484878,-0.2361405017616532,-0.2361405017616532
6,M,0,0.0,329,0.019922490008477654,0.004994383813284929,-7.645477589498158,-5.0
6,N,3,0.03296703296703297,412,0.024948528521254693,1.3201187821861173,0.40066774682689926,0.40066774682689926
6,P,2,0.02197802197802198,1088,0.06588349279399297,0.3345991708403761,-1.579494224603624,-1.579494224603624
6,Q,5,0.054945054945054944,652,0.03948165193169432,1.39067098664921,0.4757811387336306,0.4757811387336306
6,R,6,0.06593406593406594,1225,0.07417948407411892,0.888994676755894,-0.1697533145734489,-0.1697533145734489
6,S,4,0.04395604395604396,1439,0.08713818578176093,0.505008713343221,-0.9856198147682619,-0.9856198147682619
6,T,3,0.03296703296703297,807,0.048867627467603245,0.6752835429674424,-0.5664346962199318,-0.5664346962199318
6,V,12,0.13186813186813187,971,0.05879859513140366,2.240598974792335,1.1638844565900663,1.1638844565900663
6,W,2,0.02197802197802198,294,0.017803076177788542,1.233197119800735,0.3024034250685522,0.3024034250685522
6,Y,1,0.01098901098901099,322,0.019498607242339833,0.5658060724363543,-0.8216204345427285,-0.8216204345427285
7,*,0,0.0,0,0.0,1.0,0.0,0.0
7,A,2,0.02197802197802198,1398,0.08465544386581082,0.26049090148093657,-1.9406951124702243,-1.9406951124702243
7,C,4,0.04395604395604396,376,0.02276856000968875,1.9264896406847956,0.9459744282124356,0.9459744282124356
7,D,1,0.01098901098901099,668,0.04045052682572363,0.2734615763851572,-1.8705899582236116,-1.8705899582236116
7,E,2,0.02197802197802198,1000,0.06055468087683178,0.3639953530190792,-1.4580080626477976,-1.4580080626477976
7,F,2,0.02197802197802198,564,0.03415284001453312,0.6445603333520521,-0.6336126881174811,-0.6336126881174811
7,G,8,0.08791208791208792,1159,0.07018287513624803,1.2522550869108673,0.3245284721238048,0.3245284721238048
7,H,2,0.02197802197802198,302,0.018287513624803197,1.2007073076068642,0.26388451296938537,0.26388451296938537
7,I,2,0.02197802197802198,491,0.029732348310524404,0.740069864705662,-0.43426662319084675,-0.43426662319084675
7,K,5,0.054945054945054944,778,0.047111541722175125,1.1659236902064658,0.22147336712899132,0.22147336712899132
7,L,15,0.16483516483516483,2176,0.13176698558798594,1.2507692058003004,0.32281560535889225,0.32281560535889225
7,M,3,0.03296703296703297,343,0.0207702555407533,1.5844095872454964,0.6639453361138715,0.6639453361138715
7,N,1,0.01098901098901099,452,0.027370715756327966,0.40366662038853507,-1.3087638010858627,-1.3087638010858627
7,P,8,0.08791208791208792,1112,0.06733680513503694,1.3051046492468108,0.38416549330568434,0.38416549330568434
7,Q,4,0.04395604395604396,663,0.04014775342133947,1.0946211952462748,0.1304316969591938,0.1304316969591938
7,R,14,0.15384615384615385,1173,0.07103064066852367,2.1642734045312375,1.113882760923648,1.113882760923648
7,S,8,0.08791208791208792,1414,0.08562431875984014,1.0266875162771145,0.037997148242045385,0.037997148242045385
7,T,5,0.054945054945054944,817,0.049473174276371566,1.1103798727549201,0.15105332232651045,0.15105332232651045
7,V,5,0.054945054945054944,1019,0.061705219813491585,0.8906214573973419,-0.1671157243957652,-0.1671157243957652
7,W,0,0.0,296,0.017924185539542208,0.005548100899239849,-7.493790259525933,-5.0
7,Y,0,0.0,313,0.018953615114448347,0.005248347854164959,-7.573920941450098,-5.0
8,*,0,0.0,0,0.0,1.0,0.0,0.0
8,A,3,0.03296703296703297,1436,0.08695652173913043,0.37983406994044766,-1.396558778316102,-1.396558778316102
8,C,1,0.01098901098901099,403,0.024403536393363207,0.4525473715710053,-1.1438592769380005,-1.1438592769380005
8,D,3,0.03296703296703297,605,0.036635581930483226,0.900136359064831,-0.1517845271725589,-0.1517845271725589
8,E,3,0.03296703296703297,955,0.05782972023737435,0.5708129235138133,-0.8089100963066488,-0.8089100963066488
8,F,3,0.03296703296703297,603,0.03651447256872956,0.9031137320075376,-0.1470204125287006,-0.1470204125287006
8,G,9,0.0989010989010989,1140,0.06903233619958823,1.4320519794858106,0.5180838593517622,0.5180838593517622
8,H,2,0.02197802197802198,335,0.020285818093738646,1.0830088778631397,0.11504506935125289,0.11504506935125289
8,I,1,0.01098901098901099,553,0.033486738524887975,0.3301603988965456,-1.59876100837877,-1.59876100837877
8,K,4,0.04395604395604396,715,0.04329659682693472,1.0151958258786768,0.021758042458999826,0.021758042458999826
8,L,14,0.15384615384615385,2275,0.1377618989947923,1.1166693261056062,0.15920203074907555,0.15920203074907555
8,M,2,0.02197802197802198,346,0.020951919583383796,1.0487415121729842,0.06865913448345713,0.06865913448345713
8,N,2,0.02197802197802198,452,0.027370715756327966,0.8036930007160894,-0.31528357722152195,-0.31528357722152195
8,P,6,0.06593406593406594,1106,0.06697347704977595,0.9845033959557716,-0.022531912305377544,-0.022531912305377544
8,Q,1,0.01098901098901099,706,0.04275160469904324,0.2587770298660152,-1.9502185315334437,-1.9502185315334437
8,R,14,0.15384615384615385,1117,0.0676395785394211,2.2726175326964095,1.1843549080402933,1.1843549080402933
8,S,8,0.08791208791208792,1294,0.07835775705462032,1.1217767524352769,0.16578559020590752,0.16578559020590752
8,T,2,0.02197802197802198,796,0.0482015259779581,0.4570874632014122,-1.1294578450226125,-1.1294578450226125
8,V,10,0.10989010989010989,1045,0.0632796415162892,1.7354170402153715,0.7952824002973254,0.7952824002973254
8,W,1,0.01098901098901099,307,0.018590287029187358,0.5933034078981254,-0.7531580253144617,-0.7531580253144617
8,Y,2,0.02197802197802198,325,0.019680271284970328,1.1161637603422332,0.15854871077047714,0.15854871077047714
9,*,0,0.0,0,0.0,1.0,0.0,0.0
9,A,8,0.08791208791208792,1469,0.08895482620806588,0.988291052373268,-0.016992115851605358,-0.016992115851605358
9,C,3,0.03296703296703297,452,0.027370715756327966,1.2037193810436437,0.26749910076587996,0.26749910076587996
9,D,2,0.02197802197802198,655,0.03966331597432481,0.5552359363660154,-0.8488271488385862,-0.8488271488385862
9,E,6,0.06593406593406594,921,0.05577086108756207,1.1819052838755406,0.24111442472168393,0.24111442472168393
9,F,2,0.02197802197802198,627,0.037967784909773525,0.5799660271894009,-0.7859597012693148,-0.7859597012693148
9,G,5,0.054945054945054944,1196,0.07242339832869081,0.7589971817864842,-0.3978335660716691,-0.3978335660716691
9,H,4,0.04395604395604396,296,0.017924185539542208,2.444273770894778,1.2894058832712982,1.2894058832712982
9,I,2,0.02197802197802198,536,0.03245730894998183,0.6781279746412916,-0.5603705339771469,-0.5603705339771469
9,K,3,0.03296703296703297,752,0.0455371200193775,0.7245644105717609,-0.4648141501955159,-0.4648141501955159
9,L,17,0.18681318681318682,2377,0.14393847644422914,1.2976615098088635,0.37591411075985687,0.37591411075985687
9,M,2,0.02197802197802198,273,0.016531427879375074,1.327488062850053,0.40869888796392095,0.40869888796392095
9,N,1,0.01098901098901099,402,0.024342981712486375,0.4536685057267917,-1.1402895855378572,-1.1402895855378572
9,P,2,0.02197802197802198,1025,0.062068547898752574,0.35513169800874467,-1.4935739580737502,-1.4935739580737502
9,Q,4,0.04395604395604396,636,0.03851277703766501,1.140970614806319,0.19026163613219307,0.19026163613219307
9,R,6,0.06593406593406594,1093,0.06618626619837713,0.9961952863123045,-0.005499510247020046,-0.005499510247020046
9,S,7,0.07692307692307693,1346,0.08150660046021557,0.9438339115795764,-0.08339508701849564,-0.08339508701849564
9,T,5,0.054945054945054944,837,0.0506842678939082,1.0838997435199385,0.1162313192234355,0.1162313192234355
9,V,9,0.0989010989010989,1048,0.0634613055589197,1.5575686816144363,0.6392957808671796,0.6392957808671796
9,W,1,0.01098901098901099,290,0.017560857454281216,0.6278863309846189,-0.6714246895408212,-0.6714246895408212
9,Y,2,0.02197802197802198,283,0.017136974688143392,1.280852491661924,0.35710433844194733,0.35710433844194733
10,*,0,0.0,0,0.0,1.0,0.0,0.0
10,A,6,0.06593406593406594,1420,0.08598764684510113,0.7670562311092332,-0.38259575266261747,-0.38259575266261747
10,C,2,0.02197802197802198,483,0.02924791086350975,0.7522859831727609,-0.4106468850159042,-0.4106468850159042
10,D,6,0.06593406593406594,691,0.04184328448589076,1.5743656402559278,0.6547706400343901,0.6547706400343901
10,E,5,0.054945054945054944,931,0.05637640789633039,0.9746557367121707,-0.0370353679666103,-0.0370353679666103
10,F,6,0.06593406593406594,612,0.037059464696621046,1.7770456725677883,0.8294807611304024,0.8294807611304024
10,G,9,0.0989010989010989,1191,0.07212062492430665,1.3708147638553454,0.4550336350687842,0.4550336350687842
10,H,2,0.02197802197802198,291,0.017621412135158047,1.2458387519931733,0.31711735347120146,0.31711735347120146
10,I,2,0.02197802197802198,543,0.032881191716119654,0.6694124993437177,-0.5790326054511478,-0.5790326054511478
10,K,3,0.03296703296703297,713,0.04317548746518106,0.7641053839922267,-0.3881564690894731,-0.3881564690894731
10,L,6,0.06593406593406594,2395,0.1450284607000121,0.4550042466898461,-1.1360480844116547,-1.1360480844116547
10,M,1,0.01098901098901099,304,0.01840862298655686,0.5991267420091237,-0.7390668652853186,-0.7390668652853186
10,N,1,0.01098901098901099,383,0.02319244277582657,0.476077631519156,-1.0707312493463923,-1.0707312493463923
10,P,6,0.06593406593406594,1031,0.06243187598401356,1.0560064750168012,0.07861868076264444,0.07861868076264444
10,Q,3,0.03296703296703297,633,0.038331112995034514,0.8604235055931216,-0.2168811571331075,-0.2168811571331075
10,R,8,0.08791208791208792,1061,0.06424851641031852,1.3677407471351564,0.45179479581745674,0.45179479581745674
10,S,11,0.12087912087912088,1389,0.08411045173791934,1.4366283327351501,0.5226868732957198,0.5226868732957198
10,T,5,0.054945054945054944,774,0.0468693229986678,1.1719363071640654,0.22889416375716085,0.22889416375716085
10,V,5,0.054945054945054944,1052,0.06370352428242704,0.8627274992114444,-0.21302315265297442,-0.21302315265297442
10,W,3,0.03296703296703297,314,0.019014169795325178,1.7299748469912775,0.7907510619170565,0.7907510619170565
10,Y,1,0.01098901098901099,303,0.01834806830568003,0.6010933397073753,-0.7343390602285533,-0.7343390602285533
11,*,0,0.0,0,0.0,1.0,0.0,0.0
11,A,7,0.07692307692307693,1434,0.08683541237737677,0.8859804631595751,-0.17465320876345264,-0.17465320876345264
11,C,2,0.02197802197802198,411,0.024887973840377862,0.8835459056846893,-0.17862300121613509,-0.17862300121613509
11,D,3,0.03296703296703297,628,0.038028339590650356,0.867256044245407,-0.20547010463660068,-0.20547010463660068
11,E,7,0.07692307692307693,995,0.06025190747244762,1.276232685076941,0.35189138788224594,0.35189138788224594
11,F,6,0.06593406593406594,594,0.03596948044083808,1.830746246605254,0.8724318380308348,0.8724318380308348
11,G,10,0.10989010989010989,1264,0.07654111662831536,1.435131881278901,0.52118331928746,0.52118331928746
11,H,1,0.01098901098901099,290,0.017560857454281216,0.6278863309846189,-0.6714246895408212,-0.6714246895408212
11,I,2,0.02197802197802198,540,0.03269952767348916,0.6731201192225386,-0.571064116138919,-0.571064116138919
11,K,3,0.03296703296703297,679,0.041116628315368775,0.8022740898168761,-0.3178328900467723,-0.3178328900467723
11,L,12,0.13186813186813187,2399,0.14527067942351943,0.9078043274714229,-0.13954672931845094,-0.13954672931845094
11,M,2,0.02197802197802198,288,0.017439748092527553,1.2587422499772312,0.3319828956470864,0.3319828956470864
11,N,4,0.04395604395604396,382,0.02313188809494974,1.8963608887915175,0.9232335438379948,0.9232335438379948
11,P,4,0.04395604395604396,1048,0.0634613055589197,0.6931267941814874,-0.5288088051446517,-0.5288088051446517
11,Q,1,0.01098901098901099,720,0.04359937023131888,0.2537567688118217,-1.9784817890387918,-1.9784817890387918
11,R,7,0.07692307692307693,1042,0.06309797747365871,1.2187585742784348,0.28541236862673136,0.28541236862673136
11,S,7,0.07692307692307693,1315,0.07962940535303378,0.9660560815928138,-0.049821151905678644,-0.049821151905678644
11,T,3,0.03296703296703297,742,0.04493157321060918,0.7343077447545752,-0.44554327870853694,-0.44554327870853694
11,V,9,0.0989010989010989,1107,0.06703403173065278,1.4746782868381776,0.5604002530461494,0.5604002530461494
11,W,0,0.0,307,0.018590287029187358,0.005350372621021645,-7.546144914684736,-5.0
11,Y,1,0.01098901098901099,329,0.019922490008477654,0.5538277698885518,-0.8524907001278845,-0.8524907001278845
12,*,0,0.0,0,0.0,1.0,0.0,0.0
12,A,7,0.07692307692307693,1427,0.08641152961123895,0.8903215244164479,-0.16760166002946542,-0.16760166002946542
12,C,1,0.01098901098901099,419,0.025372411287392517,0.4353341685598276,-1.1998048358981477,-1.1998048358981477
12,D,1,0.01098901098901099,663,0.04014775342133947,0.2755187568588999,-1.8597775564677634,-1.8597775564677634
12,E,11,0.12087912087912088,1076,0.06515683662347099,1.853891900662684,0.8905571237236463,0.8905571237236463
12,F,6,0.06593406593406594,572,0.03463727746154778,1.900956861318851,0.9267257930766684,0.9267257930766684
12,G,8,0.08791208791208792,1297,0.07853942109725082,1.119185348570232,0.16244898119337317,0.16244898119337317
12,H,2,0.02197802197802198,305,0.01846917766743369,1.188960673080426,0.24970099625247943,0.24970099625247943
12,I,3,0.03296703296703297,575,0.034818941504178275,0.9469655018917537,-0.0786162258528839,-0.0786162258528839
12,K,2,0.02197802197802198,654,0.03960276129344798,0.5560827826266442,-0.8466284256168817,-0.8466284256168817
12,L,4,0.04395604395604396,2399,0.14527067942351943,0.30306004024162364,-1.7223244557171495,-1.7223244557171495
12,M,4,0.04395604395604396,305,0.01846917766743369,2.3725360780681584,1.246430025815096,1.246430025815096
12,N,3,0.03296703296703297,408,0.024706309797747367,1.3330089496034494,0.41468646647727714,0.41468646647727714
12,P,8,0.08791208791208792,1069,0.06473295385733317,1.3575208697996564,0.44097437742192375,0.44097437742192375
12,Q,8,0.08791208791208792,634,0.038391667675911345,2.2865231159409385,1.1931555043558024,1.1931555043558024
12,R,4,0.04395604395604396,964,0.058374712365265834,0.753420447472152,-0.4084729070143637,-0.4084729070143637
12,S,12,0.13186813186813187,1297,0.07853942109725082,1.6781422094261242,0.746864978078412,0.746864978078412
12,T,3,0.03296703296703297,787,0.04765653385006661,0.692408562791599,-0.5303045287319299,-0.5303045287319299
12,V,2,0.02197802197802198,1078,0.06527794598522466,0.3376983116449022,-1.566193128416168,-1.566193128416168
12,W,1,0.01098901098901099,282,0.01707642000726656,0.6455950066614425,-0.6312986747175076,-0.6312986747175076
12,Y,1,0.01098901098901099,303,0.01834806830568003,0.6010933397073753,-0.7343390602285533,-0.7343390602285533
13,*,0,0.0,0,0.0,1.0,0.0,0.0
13,A,3,0.03296703296703297,1436,0.08695652173913043,0.37983406994044766,-1.396558778316102,-1.396558778316102
13,C,1,0.01098901098901099,435,0.026341286181421824,0.41938243521611857,-1.2536616558592875,-1.2536616558592875
13,D,3,0.03296703296703297,657,0.039784425336078476,0.8290713151411847,-0.2704318899391095,-0.2704318899391095
13,E,7,0.07692307692307693,998,0.06043357151507812,1.272402651872135,0.3475552837794316,0.3475552837794316
13,F,2,0.02197802197802198,641,0.03881555044204917,0.5673316123563333,-0.8177358400464272,-0.8177358400464272
13,G,13,0.14285714285714285,1236,0.07484558556376408,1.9074791634727328,0.9316672977315003,0.9316672977315003
13,H,1,0.01098901098901099,298,0.01804529490129587,0.6111232167529586,-0.7104648044071376,-0.7104648044071376
13,I,1,0.01098901098901099,526,0.03185176214121352,0.34705475522765117,-1.5267647984714519,-1.5267647984714519
13,K,3,0.03296703296703297,698,0.04226716725202858,0.7804872289508497,-0.35755306919284763,-0.35755306919284763
13,L,9,0.0989010989010989,2414,0.1461789996366719,0.676796390096993,-0.5632062214694753,-0.5632062214694753
13,M,2,0.02197802197802198,316,0.01913527915707884,1.1477879680210916,0.19885615617988117,0.19885615617988117
13,N,1,0.01098901098901099,423,0.025614630010899843,0.4312335423185405,-1.2134586963549778,-1.2134586963549778
13,P,4,0.04395604395604396,1008,0.06103911832384643,0.7205868380810545,-0.4727557945084615,-0.4727557945084615
13,Q,3,0.03296703296703297,647,0.03917887852731016,0.8418527770349103,-0.24836013762014844,-0.24836013762014844
13,R,13,0.14285714285714285,982,0.05946469662104881,2.4000314106632255,1.2630532873802631,1.2630532873802631
13,S,8,0.08791208791208792,1357,0.08217270194986072,1.0697605138302733,0.09728785813995543,0.09728785813995543
13,T,8,0.08791208791208792,713,0.04317548746518106,2.0337630623549043,1.0241516119994007,1.0241516119994007
13,V,7,0.07692307692307693,1132,0.06854789875257357,1.1220019596038893,0.16607519565111253,0.16607519565111253
13,W,2,0.02197802197802198,308,0.01865084171006419,1.1774416487219337,0.2356555649884441,0.2356555649884441
13,Y,0,0.0,289,0.017500302773404385,0.00568172043898636,-7.459456437156152,-5.0
14,*,0,0.0,0,0.0,1.0,0.0,0.0
14,A,9,0.0989010989010989,1479,0.0895603730168342,1.1041789763969745,0.14297403754427118,0.14297403754427118
14,C,2,0.02197802197802198,462,0.02797626256509628,0.7863590079638604,-0.346739977365346,-0.346739977365346
14,D,5,0.054945054945054944,626,0.03790723022889669,1.448278514733875,0.5343390700918347,0.5343390700918347
14,E,5,0.054945054945054944,1006,0.06091800896209277,0.9021116205094712,-0.14862214212458355,-0.14862214212458355
14,F,6,0.06593406593406594,568,0.03439505873804045,1.9143050729536781,0.9368207630345501,0.9368207630345501
14,G,7,0.07692307692307693,1204,0.07290783577570546,1.054997400001105,0.07723944347261769,0.07723944347261769
14,H,3,0.03296703296703297,323,0.019559161923216665,1.6820164102713941,0.7501917810399473,0.7501917810399473
14,I,2,0.02197802197802198,591,0.03578781639820758,0.6151954672595981,-0.7008832212790896,-0.7008832212790896
14,K,2,0.02197802197802198,679,0.041116628315368775,0.5356581282945352,-0.9006155680341741,-0.9006155680341741
14,L,8,0.08791208791208792,2349,0.14224294537967785,0.6183101500206368,-0.6935974061833503,-0.6935974061833503
14,M,2,0.02197802197802198,295,0.017863630858665373,1.2290400616516726,0.2975319424023724,0.2975319424023724
14,N,2,0.02197802197802198,421,0.02549352064914618,0.8626410676625109,-0.21316769494906243,-0.21316769494906243
14,P,3,0.03296703296703297,986,0.05970691534455613,0.5528964798891415,-0.8549187083352999,-0.8549187083352999
14,Q,4,0.04395604395604396,685,0.04147995640062977,1.059550027699805,0.08345170758784475,0.08345170758784475
14,R,3,0.03296703296703297,977,0.05916192321666465,0.5579810976795031,-0.84171184513746,-0.84171184513746
14,S,8,0.08791208791208792,1386,0.08392878769528885,1.0474039948219127,0.06681801238106642,0.06681801238106642
14,T,10,0.10989010989010989,784,0.047474869807436114,2.311937170512615,1.209102191514399,1.209102191514399
14,V,9,0.0989010989010989,1094,0.06624682087925397,1.492175474108596,0.5774172009689063,0.5774172009689063
14,W,1,0.01098901098901099,297,0.01798474022041904,0.6131694928352168,-0.70564217484796,-0.70564217484796
14,Y,0,0.0,302,0.018287513624803197,0.005438473196566853,-7.522582600265229,-5.0
15,*,0,0.0,0,0.0,1.0,0.0,0.0
15,A,7,0.07692307692307693,1384,0.08380767833353518,0.9179502812234682,-0.1235120795650871,-0.1235120795650871
15,C,0,0.0,434,0.026280731500544992,0.0037906454564360405,-8.043340758821238,-5.0
15,D,5,0.054945054945054944,713,0.04317548746518106,1.2719684553372979,0.3470628924046935,0.3470628924046935
15,E,3,0.03296703296703297,995,0.06025190747244762,0.5479036927230347,-0.8680057678354453,-0.8680057678354453
15,F,3,0.03296703296703297,654,0.03960276129344798,0.8328648156895302,-0.2638457476294798,-0.2638457476294798
15,G,21,0.23076923076923078,1296,0.07847886641637399,2.938057537581416,1.554862649253812,1.554862649253812
15,H,1,0.01098901098901099,330,0.01998304468935449,0.5521578605503473,-0.8568473060103223,-0.8568473060103223
15,I,0,0.0,530,0.032093980864720845,0.0031061706975661118,-8.33064717040199,-5.0
15,K,2,0.02197802197802198,675,0.04087440959186145,0.5388246517262137,-0.8921122379446417,-0.8921122379446417
15,L,9,0.0989010989010989,2284,0.1383068911226838,0.7152902438459107,-0.48339933077146763,-0.48339933077146763
15,M,1,0.01098901098901099,304,0.01840862298655686,0.5991267420091237,-0.7390668652853186,-0.7390668652853186
15,N,2,0.02197802197802198,381,0.023071333414072907,0.9528162054158301,-0.06973014424386345,-0.06973014424386345
15,P,8,0.08791208791208792,1031,0.06243187598401356,1.4074755718921408,0.49310988314678567,0.49310988314678567
15,Q,3,0.03296703296703297,665,0.040268862783093134,0.8191222315254756,-0.28784934429357506,-0.28784934429357506
15,R,4,0.04395604395604396,1038,0.06285575875015138,0.699793709593533,-0.514998398556246,-0.514998398556246
15,S,8,0.08791208791208792,1322,0.08005328811917162,1.0980471291612126,0.13493997742870503,0.13493997742870503
15,T,6,0.06593406593406594,778,0.047111541722175125,1.398684803022434,0.48407088433955764,0.48407088433955764
15,V,4,0.04395604395604396,1081,0.06545961002785515,0.6719997867181532,-0.5734673197712904,-0.5734673197712904
15,W,1,0.01098901098901099,296,0.017924185539542208,0.6152295183981243,-0.7008033701556589,-0.7008033701556589
15,Y,3,0.03296703296703297,323,0.019559161923216665,1.6820164102713941,0.7501917810399473,0.7501917810399473
16,*,0,0.0,0,0.0,1.0,0.0,0.0
16,A,7,0.07692307692307693,1443,0.08738040450526825,0.8804609141746531,-0.1836691341903336,-0.1836691341903336
16,C,0,0.0,443,0.02682572362843648,0.003713920612866619,-8.07284130747376,-5.0
16,D,2,0.02197802197802198,699,0.04232772193290541,0.5203678390495686,-0.9423962947791538,-0.9423962947791538
16,E,7,0.07692307692307693,1037,0.06279520406927455,1.2246255984516965,0.2923407452951747,0.2923407452951747
16,F,2,0.02197802197802198,669,0.04051108150660046,0.5436452603320517,-0.8792625244729504,-0.8792625244729504
16,G,11,0.12087912087912088,1251,0.07575390577691656,1.594896395116632,0.6734627091900475,0.6734627091900475
16,H,2,0.02197802197802198,339,0.020528036817245972,1.0702919610635828,0.09800439786292546,0.09800439786292546
16,I,5,0.054945054945054944,573,0.03469783214242461,1.581852993593398,0.6616155320051742,0.6616155320051742
16,K,5,0.054945054945054944,693,0.04196439384764442,1.3085902329753274,0.388013407899692,0.388013407899692
16,L,10,0.10989010989010989,2208,0.13370473537604458,0.8220195614227994,-0.2827553690681459,-0.2827553690681459
16,M,4,0.04395604395604396,290,0.017560857454281216,2.494558606233709,1.318784563886136,1.318784563886136
16,N,2,0.02197802197802198,445,0.026946832990190142,0.8162886200402707,-0.29284875019151135,-0.29284875019151135
16,P,3,0.03296703296703297,975,0.05904081385491099,0.5591237389488024,-0.8387604955172886,-0.8387604955172886
16,Q,6,0.06593406593406594,708,0.0428727140607969,1.5366510442101076,0.6197895827608932,0.6197895827608932
16,R,8,0.08791208791208792,965,0.058435267046142665,1.5035736975917273,0.5883955832723121,0.5883955832723121
16,S,7,0.07692307692307693,1412,0.08550320939808648,0.8997685655089313,-0.1523741293668842,-0.1523741293668842
16,T,2,0.02197802197802198,721,0.04365992491219571,0.5045260480295962,-0.9869993391473658,-0.9869993391473658
16,V,6,0.06593406593406594,1038,0.06285575875015138,1.0488963558700204,0.06887212857327231,0.06887212857327231
16,W,1,0.01098901098901099,276,0.016713091922005572,0.6595462060430002,-0.6004543605144282,-0.6004543605144282
16,Y,1,0.01098901098901099,329,0.019922490008477654,0.5538277698885518,-0.8524907001278845,-0.8524907001278845
17,*,0,0.0,0,0.0,1.0,0.0,0.0
17,A,8,0.08791208791208792,1439,0.08713818578176093,1.0088711396665564,0.012741914745397829,0.012741914745397829
17,C,3,0.03296703296703297,440,0.02664405958580598,1.2364253400251477,0.3061751270489828,0.3061751270489828
17,D,5,0.054945054945054944,692,0.04190383916676759,1.3104767572913965,0.39009176615179275,0.39009176615179275
17,E,4,0.04395604395604396,1099,0.06654959428363813,0.6610099345624871,-0.5972561401947456,-0.5972561401947456
17,F,2,0.02197802197802198,638,0.03863388639941868,0.5699924286026028,-0.8109853392766946,-0.8109853392766946
17,G,11,0.12087912087912088,1295,0.07841831173549715,1.540775880238746,0.623657024095988,0.623657024095988
17,H,6,0.06593406593406594,362,0.021920794477413102,2.998714056470469,1.5843439600259765,1.5843439600259765
17,I,2,0.02197802197802198,562,0.03403173065277946,0.6468474219083904,-0.6285026448263169,-0.6285026448263169
17,K,1,0.01098901098901099,722,0.04372047959307254,0.25305544558129434,-1.9824745743893888,-1.9824745743893888
17,L,6,0.06593406593406594,2069,0.12528763473416496,0.5266393777509651,-0.925112696628926,-0.925112696628926
17,M,1,0.01098901098901099,300,0.018166404263049534,0.607071366062042,-0.72006196817295,-0.72006196817295
17,N,1,0.01098901098901099,411,0.024887973840377862,0.44377391539814837,-1.172103225080476,-1.172103225080476
17,P,4,0.04395604395604396,997,0.060373016834201286,0.7285239973529402,-0.4569515998908143,-0.4569515998908143
17,Q,4,0.04395604395604396,732,0.044326026401840864,0.991671943773446,-0.012065155088281791,-0.012065155088281791
17,R,10,0.10989010989010989,965,0.058435267046142665,1.8790400290376392,0.9099958007010077,0.9099958007010077
17,S,7,0.07692307692307693,1284,0.07775221024585201,0.9893499064425181,-0.015447241233294433,-0.015447241233294433
17,T,6,0.06593406593406594,803,0.04862540874409592,1.3552285683404823,0.4385361922449135,0.4385361922449135
17,V,7,0.07692307692307693,1066,0.06455128981470268,1.1913617987179077,0.2526116045971534,0.2526116045971534
17,W,1,0.01098901098901099,260,0.01574421702797626,0.6998774991172511,-0.514825668375417,-0.514825668375417
17,Y,2,0.02197802197802198,378,0.022889669371442413,0.960345345611935,-0.058374794461779775,-0.058374794461779775
18,*,0,0.0,0,0.0,1.0,0.0,0.0
18,A,9,0.0989010989010989,1476,0.0893787089742037,1.1064207344524881,0.14590009812625018,0.14590009812625018
18,C,3,0.03296703296703297,432,0.02615962213879133,1.2592349117691826,0.3325474446381984,0.3325474446381984
18,D,1,0.01098901098901099,704,0.042630495337289576,0.25951047142048816,-1.946135341423223,-1.946135341423223
18,E,4,0.04395604395604396,1030,0.06237132130313673,0.7052203000840302,-0.5038540910048793,-0.5038540910048793
18,F,2,0.02197802197802198,615,0.03724112873925155,0.591252131990708,-0.7581546142249681,-0.7581546142249681
18,G,12,0.13186813186813187,1270,0.07690444471357635,1.713772917381548,0.7771759585335414,0.7771759585335414
18,H,3,0.03296703296703297,358,0.021678575753905777,1.518328532622374,0.6024839917433753,0.6024839917433753
18,I,1,0.01098901098901099,531,0.032154535545597676,0.3437969513879574,-1.5403713430817896,-1.5403713430817896
18,K,6,0.06593406593406594,712,0.04311493278430423,1.5280381497677504,0.6116805628721431,0.6116805628721431
18,L,7,0.07692307692307693,2122,0.12849703282063704,0.5989490988528967,-0.7394946927961886,-0.7394946927961886
18,M,2,0.02197802197802198,279,0.016894755964636066,1.299107914462764,0.3775212777401816,0.3775212777401816
18,N,4,0.04395604395604396,442,0.026765168947559648,1.6398945430806935,0.7136030422419445,0.7136030422419445
18,P,2,0.02197802197802198,1000,0.06055468087683178,0.3639953530190792,-1.4580080626477976,-1.4580080626477976
18,Q,4,0.04395604395604396,793,0.048019861935327604,0.9155480124871231,-0.12729255014185814,-0.12729255014185814
18,R,6,0.06593406593406594,984,0.05958580598280247,1.1063613005928514,0.14582259846001883,0.14582259846001883
18,S,13,0.14285714285714285,1391,0.084231561099673,1.6951796100178815,0.7614381398832444,0.7614381398832444
18,T,8,0.08791208791208792,774,0.0468693229986678,1.8738206619368183,0.9059828833518684,0.9059828833518684
18,V,3,0.03296703296703297,969,0.05867748576964999,0.5625799153203535,-0.8298700470071553,-0.8298700470071553
18,W,1,0.01098901098901099,311,0.018832505752694684,0.5857128017738845,-0.771734667481319,-0.771734667481319
18,Y,0,0.0,321,0.019438052561463002,0.0051182173702020205,-7.6101428648632465,-5.0
19,*,0,0.0,0,0.0,1.0,0.0,0.0
19,A,8,0.08791208791208792,1495,0.0905292479108635,0.9711223467136169,-0.042275030058748095,-0.042275030058748095
19,C,0,0.0,470,0.028460700012110936,0.00350131474220155,-8.157887529492744,-5.0
19,D,3,0.03296703296703297,688,0.041661620443260265,0.79180435567532,-0.3367840913057884,-0.3367840913057884
19,E,3,0.03296703296703297,1115,0.06751846917766743,0.4890236849365724,-1.0320237538140653,-1.0320237538140653
19,F,2,0.02197802197802198,583,0.035303378951192926,0.6236134129586536,-0.6812761363820868,-0.6812761363820868
19,G,10,0.10989010989010989,1273,0.07708610875620686,1.4249987680751572,0.5109606720544814,0.5109606720544814
19,H,3,0.03296703296703297,337,0.02040692745549231,1.612481101266915,0.6892822518423862,0.6892822518423862
19,I,4,0.04395604395604396,578,0.03500060554680877,1.2551362937967716,0.3278440332663955,0.3278440332663955
19,K,2,0.02197802197802198,710,0.042993823422550564,0.5123245102097107,-0.9648701812090041,-0.9648701812090041
19,L,7,0.07692307692307693,2031,0.12298655686084535,0.6257635186769813,-0.6763105413867495,-0.6763105413867495
19,M,0,0.0,268,0.016228654474990917,0.006124203323253653,-7.351262103623805,-5.0
19,N,3,0.03296703296703297,430,0.026038512777037667,1.26506941114423,0.33921654410244984,0.33921654410244984
19,P,7,0.07692307692307693,1051,0.0636429696015502,1.208338384680524,0.273024525472603,0.273024525472603
19,Q,6,0.06593406593406594,742,0.04493157321060918,1.466394825364633,0.5522735999961957,0.5522735999961957
19,R,3,0.03296703296703297,1020,0.06176577449436842,0.5344963873367985,-0.9037478980901447,-0.9037478980901447
19,S,11,0.12087912087912088,1359,0.08229381131161438,1.468303492134578,0.5541501979793986,0.5541501979793986
19,T,7,0.07692307692307693,765,0.04632433087077631,1.6591101148549294,0.7304096408948558,0.7304096408948558
19,V,7,0.07692307692307693,997,0.060373016834201286,1.273676772803495,0.3489992042516621,0.3489992042516621
19,W,1,0.01098901098901099,276,0.016713091922005572,0.6595462060430002,-0.6004543605144282,-0.6004543605144282
19,Y,4,0.04395604395604396,326,0.01974082596584716,2.22047429032841,1.150867867215661,1.150867867215661
20,*,0,0.0,0,0.0,1.0,0.0,0.0
20,A,6,0.06593406593406594,1453,0.08798595131403658,0.7496549103346443,-0.4157014642406858,-0.4157014642406858
20,C,4,0.04395604395604396,427,0.02585684873440717,1.6972801439353984,0.7632247080214566,0.7632247080214566
20,D,3,0.03296703296703297,687,0.041601065762383434,0.7929541454756099,-0.33469065393624814,-0.33469065393624814
20,E,8,0.08791208791208792,1120,0.06782124258205159,1.295796198159446,0.3738388300856493,0.3738388300856493
20,F,2,0.02197802197802198,586,0.03548504299382342,0.6204298244589479,-0.688660055571994,-0.688660055571994
20,G,13,0.14285714285714285,1261,0.07635945258568487,1.8697118279383025,0.9028159297699739,0.9028159297699739
20,H,0,0.0,361,0.02186023979653627,0.004553684337079631,-7.778749997823886,-5.0
20,I,0,0.0,522,0.031609543417706186,0.00315362472056792,-8.308773294155822,-5.0
20,K,4,0.04395604395604396,709,0.04293326874167373,1.0237670817085704,0.03388752365202406,0.03388752365202406
20,L,9,0.0989010989010989,2008,0.12159379920067821,0.8135262400497655,-0.29773921453456303,-0.29773921453456303
20,M,0,0.0,290,0.017560857454281216,0.00566223923492224,-7.464411578911095,-5.0
20,N,2,0.02197802197802198,447,0.027067942351943805,0.8126497653747542,-0.2992943792711342,-0.2992943792711342
20,P,6,0.06593406593406594,977,0.05916192321666465,1.1142747712159455,0.1561050335672727,0.1561050335672727
20,Q,3,0.03296703296703297,741,0.04487101852973235,0.735296509799325,-0.4436019579244019,-0.4436019579244019
20,R,5,0.054945054945054944,979,0.05928303257841831,0.9269492067850383,-0.10943780795349788,-0.10943780795349788
20,S,8,0.08791208791208792,1422,0.08610875620685479,1.020918196533379,0.029867271520603453,0.029867271520603453
20,T,7,0.07692307692307693,787,0.04765653385006661,1.6128280407638818,0.6895926269857611,0.6895926269857611
20,V,11,0.12087912087912088,1087,0.06582293811311614,1.8351597234870614,0.8759056337794126,0.8759056337794126
20,W,0,0.0,288,0.017439748092527553,0.0057013361578780565,-7.454484217587528,-5.0
20,Y,0,0.0,362,0.021920794477413102,0.004541162222942082,-7.782722709900773,-5.0
21,*,0,0.0,0,0.0,1.0,0.0,0.0
21,A,6,0.06593406593406594,1446,0.08756206854789875,0.753279805369694,-0.4087422421577845,-0.4087422421577845
21,C,3,0.03296703296703297,428,0.025917403415284,1.2709582289679087,0.34591661582585137,0.34591661582585137
21,D,5,0.054945054945054944,725,0.043902143635703036,1.2509630303645427,0.3230391542536557,0.3230391542536557
21,E,7,0.07692307692307693,1189,0.07199951556255299,1.068288411123266,0.09530119115034678,0.09530119115034678
21,F,0,0.0,578,0.03500060554680877,0.00284895369872306,-8.455352109530835,-5.0
21,G,12,0.13186813186813187,1345,0.08144604577933874,1.618326561477105,0.6945027580064181,0.6945027580064181
21,H,3,0.03296703296703297,340,0.020588591498122803,1.5983220979559356,0.6765581731581882,0.6765581731581882
21,I,0,0.0,561,0.03397117597190263,0.002935032241988556,-8.412407932910574,-5.0
21,K,3,0.03296703296703297,733,0.044386581082717695,0.7433035347344094,-0.427976626206889,-0.427976626206889
21,L,9,0.0989010989010989,1900,0.11505389366598039,0.8597286270515969,-0.2180467492471816,-0.2180467492471816
21,M,3,0.03296703296703297,298,0.01804529490129587,1.8223475091976291,0.8657980974446051,0.8657980974446051
21,N,2,0.02197802197802198,391,0.023676880222841225,0.9285499935694995,-0.10694850725426593,-0.10694850725426593
21,P,6,0.06593406593406594,1050,0.06358241492067337,1.0369277926460847,0.05231543434552651,0.05231543434552651
21,Q,5,0.054945054945054944,734,0.04444713576359453,1.2356586793182713,0.30528028882612296,0.30528028882612296
21,R,12,0.13186813186813187,967,0.05855637640789633,2.2498514219566808,1.1698297303827776,1.1698297303827776
21,S,8,0.08791208791208792,1332,0.08065883492793993,1.0898137397675434,0.12408158484111986,0.12408158484111986
21,T,1,0.01098901098901099,793,0.048019861935327604,0.23044561108497066,-2.1175018035688153,-2.1175018035688153
21,V,5,0.054945054945054944,1095,0.0663073755601308,0.8288997190562446,-0.2707305209966573,-0.2707305209966573
21,W,1,0.01098901098901099,282,0.01707642000726656,0.6455950066614425,-0.6312986747175076,-0.6312986747175076
21,Y,0,0.0,327,0.01980138064672399,0.005024777012968757,-7.636724710146087,-5.0
22,*,0,0.0,0,0.0,1.0,0.0,0.0
22,A,7,0.07692307692307693,1435,0.0868959670582536,0.8853637648685634,-0.1756577651766406,-0.1756577651766406
22,C,0,0.0,415,0.025130192563885188,0.003963505222831365,-7.979007407182955,-5.0
22,D,8,0.08791208791208792,764,0.04626377618989948,1.8982942103680864,0.9247036082414305,0.9247036082414305
22,E,5,0.054945054945054944,1095,0.0663073755601308,0.8288997190562446,-0.2707305209966573,-0.2707305209966573
22,F,1,0.01098901098901099,597,0.036151144483468574,0.3058940937455879,-1.7088958435198893,-1.7088958435198893
22,G,7,0.07692307692307693,1336,0.08090105365144726,0.9508898150203352,-0.0726499173487126,-0.0726499173487126
22,H,3,0.03296703296703297,334,0.020225263412861814,1.626893206515994,0.7021195518792452,0.7021195518792452
22,I,7,0.07692307692307693,548,0.03318396512050382,2.314119626198882,1.2104634451122243,1.2104634451122243
22,K,7,0.07692307692307693,726,0.043962698316579875,1.7480335945312442,0.8057329114963468,0.8057329114963468
22,L,5,0.054945054945054944,1828,0.11069395664284849,0.496823622993231,-1.0091943223657325,-1.0091943223657325
22,M,0,0.0,283,0.017136974688143392,0.005801482093536165,-7.429362774792668,-5.0
22,N,5,0.054945054945054944,405,0.02452464575511687,2.23536433752014,1.1605099925252242,1.1605099925252242
22,P,1,0.01098901098901099,1057,0.0640062976868112,0.17297849648385433,-2.5313353919635753,-2.5313353919635753
22,Q,6,0.06593406593406594,788,0.04771708853094344,1.3809721160947286,0.46568418970604014,0.46568418970604014
22,R,6,0.06593406593406594,1000,0.06055468087683178,1.088688704308869,0.12259149404433713,0.12259149404433713
22,S,7,0.07692307692307693,1381,0.08362601429090469,0.919941998617795,-0.12038519126589803,-0.12038519126589803
22,T,9,0.0989010989010989,798,0.04832263533971176,2.0445210841283425,1.031762940736892,1.031762940736892
22,V,5,0.054945054945054944,1071,0.06485406321908684,0.8474459058764454,-0.23880681373514226,-0.23880681373514226
22,W,1,0.01098901098901099,295,0.017863630858665373,0.6173034324885286,-0.6959482814619684,-0.6959482814619684
22,Y,1,0.01098901098901099,358,0.021678575753905777,0.5091706231993745,-0.9737789101083674,-0.9737789101083674
23,*,0,0.0,0,0.0,1.0,0.0,0.0
23,A,5,0.054945054945054944,1412,0.08550320939808648,0.6430255983636682,-0.6370519235904087,-0.6370519235904087
23,C,1,0.01098901098901099,423,0.025614630010899843,0.4312335423185405,-1.2134586963549778,-1.2134586963549778
23,D,1,0.01098901098901099,725,0.043902143635703036,0.2520106993154179,-1.9884431090922536,-1.9884431090922536
23,E,8,0.08791208791208792,1122,0.06794235194380525,1.2934897956610207,0.37126867264862173,0.37126867264862173
23,F,4,0.04395604395604396,570,0.03451616809979412,1.272701352415318,0.34789392125248847,0.34789392125248847
23,G,7,0.07692307692307693,1371,0.08302046748213637,0.9266439332722731,-0.10991301103603564,-0.10991301103603564
23,H,3,0.03296703296703297,342,0.02070970085987647,1.589020101235096,0.6681373750129028,0.6681373750129028
23,I,7,0.07692307692307693,561,0.03397117597190263,2.260652141463955,1.1767390140291347,1.1767390140291347
23,K,6,0.06593406593406594,807,0.048867627467603245,1.3485249204232688,0.431382182484801,0.431382182484801
23,L,6,0.06593406593406594,1809,0.1095434177061887,0.6022620173243535,-0.731536819107258,-0.731536819107258
23,M,5,0.054945054945054944,266,0.016107545113237254,3.3962610969441496,1.7639473743170004,1.7639473743170004
23,N,2,0.02197802197802198,388,0.02349521618021073,0.9356990760075672,-0.09588346609874827,-0.09588346609874827
23,P,4,0.04395604395604396,1077,0.06521739130434782,0.6744917865865747,-0.5681272195758856,-0.5681272195758856
23,Q,0,0.0,737,0.04462879980622502,0.0022356960265695024,-8.805060237255674,-5.0
23,R,9,0.0989010989010989,1021,0.06182632917524525,1.5986915455772583,0.6768916094915622,0.6768916094915622
23,S,9,0.0989010989010989,1417,0.08580598280247063,1.1524354378057549,0.20468592968586685,0.20468592968586685
23,T,6,0.06593406593406594,781,0.04729320576480562,1.3933234704942261,0.4785302292983295,0.4785302292983295
23,V,7,0.07692307692307693,1039,0.06291631343102821,1.222272023376601,0.2895654006252114,0.2895654006252114
23,W,0,0.0,270,0.01634976383674458,0.006079114630000067,-7.361923061637785,-5.0
23,Y,1,0.01098901098901099,376,0.02276856000968875,0.4849020220036983,-1.0442348252145217,-1.0442348252145217
24,*,0,0.0,0,0.0,1.0,0.0,0.0
24,A,4,0.04395604395604396,1358,0.08223325663073755,0.5350941497872984,-0.902135338923214,-0.902135338923214
24,C,1,0.01098901098901099,418,0.025311856606515682,0.43637153950285285,-1.196371083869846,-1.196371083869846
24,D,2,0.02197802197802198,785,0.047535424488312945,0.46347906448149073,-1.1094239216263613,-1.1094239216263613
24,E,8,0.08791208791208792,1138,0.06891122683783456,1.275329999840495,0.3508706020115843,0.3508706020115843
24,F,4,0.04395604395604396,576,0.034879496185055106,1.2594819468802636,0.33283044296697123,0.33283044296697123
24,G,5,0.054945054945054944,1332,0.08065883492793993,0.6815979328351002,-0.5530071347535878,-0.5530071347535878
24,H,3,0.03296703296703297,393,0.02379798958459489,1.383674256362913,0.4685043446776804,0.4685043446776804
24,I,4,0.04395604395604396,569,0.03445561341891728,1.2749316130480184,0.3504198634272507,0.3504198634272507
24,K,2,0.02197802197802198,774,0.0468693229986678,0.47005195239131253,-1.0891078757244077,-1.0891078757244077
24,L,15,0.16483516483516483,1768,0.10706067579023859,1.5391389016435166,0.6221234354800588,0.6221234354800588
24,M,3,0.03296703296703297,281,0.01701586532638973,1.9319521587990809,0.9500593689573879,0.9500593689573879
24,N,2,0.02197802197802198,454,0.02749182511808163,0.8001653346067958,-0.32162996642150715,-0.32162996642150715
24,P,4,0.04395604395604396,1032,0.062492430664890394,0.7038557775765698,-0.5066482488239793,-0.5066482488239793
24,Q,8,0.08791208791208792,781,0.04729320576480562,1.8570612916302454,0.8930214316824707,0.8930214316824707
24,R,3,0.03296703296703297,970,0.05873804045052682,0.5620009217478434,-0.8313555982490752,-0.8313555982490752
24,S,7,0.07692307692307693,1379,0.08350490492915102,0.9212746188557751,-0.11829682759789127,-0.11829682759789127
24,T,4,0.04395604395604396,832,0.05038149448952404,0.8727167133529794,-0.19641466848475078,-0.19641466848475078
24,V,7,0.07692307692307693,1022,0.06188688385612208,1.242570558988824,0.31332777710990356,0.31332777710990356
24,W,1,0.01098901098901099,284,0.017197529369020224,0.641074846727611,-0.6414352907749992,-0.6414352907749992
24,Y,4,0.04395604395604396,368,0.022284122562674095,1.9681827524259614,0.9768641860112939,0.9768641860112939
